term,estimate,std_estimate,std.error,statistic,p.value
(Intercept),-0.04850346273208094,NA,0.006055853802519275,-8.009351664319107,1.1951124268773664e-15
profile2,0.4537141658496869,0.06837475420428436,0.03813694113280288,11.896973180668438,1.455838883064507e-32
profile3,0.32049615180176055,0.06320082053415675,0.02915513744308762,10.992784802588776,4.690240162791579e-28
profile4,0.6677136065150314,0.1266769495056523,0.03030330798712168,22.034347101603455,9.732527993844465e-107
