term,estimate,std_estimate,std.error,statistic,p.value
(Intercept),0.05069416728644586,NA,0.00606909779053563,8.352834150324645,6.952838710380017e-17
profile2,-0.4971105577256996,-0.07502728899270084,0.038161930326442474,-13.026347290961086,1.1082356244933166e-38
profile3,-0.41319578146104424,-0.08142966320730786,0.029236444853175288,-14.132901025966165,3.3455566924546746e-45
profile4,-0.5979258226180737,-0.11348691102685098,0.030355382607989936,-19.69752219366498,8.073992642706488e-86
