term,estimate,std_estimate,std.error,statistic,p.value
(Intercept),-0.048277284615385316,NA,0.00605558693203552,-7.972354316306946,1.6122561543023638e-15
profile2,0.4678602434350897,0.07086008709995553,0.03794333596159828,12.330498401843265,7.552948112691816e-35
profile3,0.44539543494155603,0.08768082865970166,0.029202122269467775,15.252159785908383,2.5151973018066197e-52
profile4,0.5162183082796139,0.09793442788192902,0.030300818420359383,17.03644769980082,8.955679895203176e-65
