term,estimate,std_estimate,std.error,statistic,p.value
(Intercept),-0.04292017940416941,NA,0.006064494992734097,-7.077288291208468,1.5025749756039083e-12
profile2,0.4021244490177054,0.06087604233282909,0.03801509531739625,10.578020274848226,4.193348393763845e-26
profile3,0.3384095789504195,0.06666915880231059,0.029222195695825445,11.580566445893838,6.025004718773324e-31
profile4,0.5290074637257132,0.10040205120278672,0.030331736479645894,17.440724637730632,8.8119742915997e-68
