Data Source,World Development Indicators,,,,,,,,,,,,,,,,,,,,,,,,,,,,,,,,,,,,,,,,,,,,,,,,,,,,,,,,,,,,,,,,,,,
,,,,,,,,,,,,,,,,,,,,,,,,,,,,,,,,,,,,,,,,,,,,,,,,,,,,,,,,,,,,,,,,,,,,
Last Updated Date,07.10.2025,,,,,,,,,,,,,,,,,,,,,,,,,,,,,,,,,,,,,,,,,,,,,,,,,,,,,,,,,,,,,,,,,,,
,,,,,,,,,,,,,,,,,,,,,,,,,,,,,,,,,,,,,,,,,,,,,,,,,,,,,,,,,,,,,,,,,,,,
Country Name,Country Code,Indicator Name,Indicator Code,1960,1961,1962,1963,1964,1965,1966,1967,1968,1969,1970,1971,1972,1973,1974,1975,1976,1977,1978,1979,1980,1981,1982,1983,1984,1985,1986,1987,1988,1989,1990,1991,1992,1993,1994,1995,1996,1997,1998,1999,2000,2001,2002,2003,2004,2005,2006,2007,2008,2009,2010,2011,2012,2013,2014,2015,2016,2017,2018,2019,2020,2021,2022,2023,2024
Aruba,ABW,"GDP, PPP (constant 2021 international $)",NY.GDP.MKTP.PP.KD,,,,,,,,,,,,,,,,,,,,,,,,,,,,,,,2169949833,2342740155,2480548423,2661819292,2880192320,2953554956,2988577872,3199179219,3262906371,3303302517,3555110647,3703785432,3668786383,3709528424,3980091340,3964842111,4009542195,4133418781,4209298230,3717747269,3616124254,3737960057,3699055373,3936959476,3874496656,3850334291,3916545601,4192604626,4293104973,4197263893,3097084627,3844492519,4171963244,4349844051,
Africa Eastern and Southern,AFE,"GDP, PPP (constant 2021 international $)",NY.GDP.MKTP.PP.KD,,,,,,,,,,,,,,,,,,,,,,,,,,,,,,,1.05548E+12,1.05513E+12,1.03134E+12,1.02271E+12,1.03974E+12,1.08651E+12,1.1468E+12,1.19321E+12,1.2159E+12,1.24913E+12,1.28974E+12,1.33694E+12,1.38941E+12,1.43312E+12,1.51593E+12,1.61287E+12,1.72205E+12,1.84043E+12,1.92595E+12,1.9444E+12,2.0484E+12,2.13703E+12,2.19949E+12,2.2952E+12,2.39462E+12,2.47412E+12,2.53972E+12,2.61494E+12,2.68936E+12,2.75359E+12,2.6813E+12,2.805E+12,2.90844E+12,2.9631E+12,3.0533E+12
Afghanistan,AFG,"GDP, PPP (constant 2021 international $)",NY.GDP.MKTP.PP.KD,,,,,,,,,,,,,,,,,,,,,,,,,,,,,,,,,,,,,,,,,32567375970,29495629513,37931379899,41281584746,41865355064,46566715049,49061481754,55844878996,58036781460,70451155677,80569661677,80913174278,91231454558,96341095376,98965950295,1.00402E+11,1.02672E+11,1.05389E+11,1.06643E+11,1.10814E+11,1.08209E+11,85767546198,80415503801,82238478028,
Africa Western and Central,AFW,"GDP, PPP (constant 2021 international $)",NY.GDP.MKTP.PP.KD,,,,,,,,,,,,,,,,,,,,,,,,,,,,,,,6.96693E+11,7.0514E+11,7.19713E+11,7.11135E+11,7.1083E+11,7.26428E+11,7.60533E+11,7.94831E+11,8.24678E+11,8.38889E+11,8.69565E+11,9.14384E+11,9.97772E+11,1.05166E+12,1.13414E+12,1.20027E+12,1.26389E+12,1.33023E+12,1.41265E+12,1.49452E+12,1.59677E+12,1.67576E+12,1.7648E+12,1.86817E+12,1.97268E+12,2.03139E+12,2.04206E+12,2.09486E+12,2.15962E+12,2.23449E+12,2.21627E+12,2.30655E+12,2.39996E+12,2.48218E+12,2.58882E+12
Angola,AGO,"GDP, PPP (constant 2021 international $)",NY.GDP.MKTP.PP.KD,,,,,,,,,,,,,,,,,,,,,,,,,,,,,,,85939173895,86791139889,81724029491,62123814348,62955878002,72399259721,82205283158,88185123455,92322016744,94336012047,97217622733,1.01307E+11,1.15151E+11,1.18594E+11,1.3158E+11,1.51356E+11,1.68838E+11,1.92492E+11,2.13994E+11,2.15834E+11,2.25327E+11,2.33151E+11,2.53067E+11,2.65605E+11,2.78414E+11,2.81041E+11,2.7379E+11,2.73387E+11,2.69788E+11,2.67894E+11,2.52789E+11,2.55821E+11,2.6361E+11,2.66452E+11,2.78239E+11
Albania,ALB,"GDP, PPP (constant 2021 international $)",NY.GDP.MKTP.PP.KD,,,,,,,,,,,,,,,,,,,,,,,,,,,,,,,18275992950,13158323515,12212620211,13380074852,14491004618,16421544555,17626283082,15561968022,16855171487,18920052733,20332029538,22134205874,23158664546,24393777325,25678417487,26995931363,28620811407,30481190655,32586545485,33463368454,34458286075,35307171755,35654640182,36263346296,37075727554,37901665047,39383216692,40676236984,42169632192,43039413707,41613192394,45345719391,47534419469,49405667455,51362981226
Andorra,AND,"GDP, PPP (constant 2021 international $)",NY.GDP.MKTP.PP.KD,,,,,,,,,,,,,,,,,,,,,,,,,,,,,,,2631759312,2698763997,2723841291,2695745293,2759989816,2836096580,2967967659,3237093233,3340511674,3477441884,3600138635,3892446769,4069411498,4423214424,4783072833,5041253346,5283671526,5365736886,5067445572,4798726710,4703953873,4703574275,4469597620,4311034331,4419002699,4482377402,4648659174,4664746876,4738858765,4834372721,4293699379,4649508749,5094216232,5225828101,5402033635
Arab World,ARB,"GDP, PPP (constant 2021 international $)",NY.GDP.MKTP.PP.KD,,,,,,,,,,,,,,,,,,,,,,,,,,,,,,,2.52192E+12,2.48287E+12,2.64094E+12,2.72644E+12,2.81021E+12,2.8897E+12,3.0356E+12,3.19704E+12,3.37178E+12,3.47698E+12,3.69104E+12,3.77527E+12,3.82093E+12,3.95038E+12,4.3047E+12,4.53448E+12,4.80574E+12,5.03019E+12,5.31872E+12,5.38614E+12,5.64575E+12,5.89588E+12,6.11658E+12,6.25341E+12,6.42327E+12,6.67202E+12,6.92517E+12,7.05113E+12,7.25531E+12,7.41845E+12,7.13143E+12,7.43483E+12,7.95519E+12,8.07634E+12,8.21164E+12
United Arab Emirates,ARE,"GDP, PPP (constant 2021 international $)",NY.GDP.MKTP.PP.KD,,,,,,,,,,,,,,,,,,,,,,,,,,,,,,,2.05116E+11,2.0688E+11,2.138E+11,2.16497E+11,2.31427E+11,2.46904E+11,2.61221E+11,2.82616E+11,2.83441E+11,2.91667E+11,3.23321E+11,3.27844E+11,3.35822E+11,3.65376E+11,4.0033E+11,4.19766E+11,4.6106E+11,4.75742E+11,4.90927E+11,4.65188E+11,4.72644E+11,5.02025E+11,5.11184E+11,5.37027E+11,5.59398E+11,5.97363E+11,6.30585E+11,6.35221E+11,6.43567E+11,6.507E+11,6.18444E+11,6.45376E+11,6.93842E+11,7.1895E+11,7.45994E+11
Argentina,ARG,"GDP, PPP (constant 2021 international $)",NY.GDP.MKTP.PP.KD,,,,,,,,,,,,,,,,,,,,,,,,,,,,,,,5.57089E+11,6.07968E+11,6.56225E+11,7.10081E+11,7.51523E+11,7.3014E+11,7.70493E+11,8.32988E+11,8.65059E+11,8.35773E+11,8.29179E+11,7.92622E+11,7.0627E+11,7.68683E+11,8.38092E+11,9.12277E+11,9.85689E+11,1.07448E+12,1.11807E+12,1.0519E+12,1.15841E+12,1.22796E+12,1.21535E+12,1.24459E+12,1.21331E+12,1.24645E+12,1.22052E+12,1.25492E+12,1.22208E+12,1.19762E+12,1.07905E+12,1.19173E+12,1.25453E+12,1.23432E+12,1.2131E+12
Armenia,ARM,"GDP, PPP (constant 2021 international $)",NY.GDP.MKTP.PP.KD,,,,,,,,,,,,,,,,,,,,,,,,,,,,,,,21801542439,19250762305,11203943133,10217996272,10769768355,11512882201,12188158880,12592937351,13512221776,13958125094,14781654475,16200693305,18339184821,20906670696,23101871119,26313031204,29786351323,33867081455,36203910075,31099158754,31783340247,33277157238,35673112560,36850325274,38176936984,39398598967,39477396165,42438200878,44644987324,48038006360,44579269902,47164867557,53107640869,57515575061,60908993990
American Samoa,ASM,"GDP, PPP (constant 2021 international $)",NY.GDP.MKTP.PP.KD,,,,,,,,,,,,,,,,,,,,,,,,,,,,,,,,,,,,,,,,,,,,,,,,,,,,,,,,,,,,,,,,,
Antigua and Barbuda,ATG,"GDP, PPP (constant 2021 international $)",NY.GDP.MKTP.PP.KD,,,,,,,,,,,,,,,,,,,,,,,,,,,,,,,1329089238,1358021545,1373754915,1446287620,1542847661,1475582825,1573044257,1659109533,1737606636,1802032676,1913822712,1826779954,1845545275,1957692356,2070594498,2204638355,2484807048,2716271365,2715890908,2390992152,2203526249,2160364841,2233237031,2219815671,2268613699,2300864764,2395668849,2460656795,2625816199,2709112916,2197936455,2377570792,2594115333,2657083929,2772069806
Australia,AUS,"GDP, PPP (constant 2021 international $)",NY.GDP.MKTP.PP.KD,,,,,,,,,,,,,,,,,,,,,,,,,,,,,,,6.17848E+11,6.15486E+11,6.18122E+11,6.43136E+11,6.68735E+11,6.94721E+11,7.21565E+11,7.49801E+11,7.84766E+11,8.24222E+11,8.56544E+11,8.7389E+11,9.08667E+11,9.36751E+11,9.76323E+11,1.00712E+12,1.03487E+12,1.07392E+12,1.11243E+12,1.13348E+12,1.15865E+12,1.18654E+12,1.23301E+12,1.26509E+12,1.29793E+12,1.32635E+12,1.36295E+12,1.39402E+12,1.43415E+12,1.46529E+12,1.46354E+12,1.49444E+12,1.55784E+12,1.61146E+12,1.63452E+12
Austria,AUT,"GDP, PPP (constant 2021 international $)",NY.GDP.MKTP.PP.KD,,,,,,,,,,,,,,,,,,,,,,,,,,,,,,,3.32535E+11,3.43979E+11,3.51181E+11,3.53031E+11,3.61511E+11,3.71156E+11,3.7938E+11,3.87521E+11,4.01056E+11,4.16144E+11,4.29417E+11,4.35072E+11,4.4153E+11,4.46571E+11,4.58026E+11,4.68654E+11,4.83976E+11,5.02247E+11,5.09546E+11,4.91273E+11,5.0016E+11,5.14802E+11,5.18036E+11,5.16737E+11,5.20643E+11,5.27429E+11,5.38596E+11,5.50834E+11,5.64518E+11,5.74426E+11,5.38132E+11,5.63937E+11,5.93701E+11,5.88031E+11,5.81131E+11
Azerbaijan,AZE,"GDP, PPP (constant 2021 international $)",NY.GDP.MKTP.PP.KD,,,,,,,,,,,,,,,,,,,,,,,,,,,,,,,77320440962,76779197739,59427098799,45699439738,36696649543,32366445224,32787208820,34688866980,38157753543,40981427801,45530365936,50037872023,54760904902,60351062364,65935829773,84372501916,1.13453E+11,1.42341E+11,1.57417E+11,1.72166E+11,1.80411E+11,1.77573E+11,1.81485E+11,1.9209E+11,1.97464E+11,1.99536E+11,1.93423E+11,1.9372E+11,1.96627E+11,2.01503E+11,1.93042E+11,2.03884E+11,2.13497E+11,2.16388E+11,2.25198E+11
Burundi,BDI,"GDP, PPP (constant 2021 international $)",NY.GDP.MKTP.PP.KD,,,,,,,,,,,,,,,,,,,,,,,,,,,,,,,7799958297,8189709457,8272425389,7756226044,7459162587,6868396910,6318925157,6218454247,6513830824,6448041133,6392790186,6524213621,6814314046,6730925380,7056275277,7119781755,7505233008,7764309791,8141788511,8452214175,8885319153,9243628532,9654665547,10130079613,10559660855,10147834074,10086946977,10137381839,10300587140,10487292011,10521601909,10847771569,11048346804,11342844864,11738623008
Belgium,BEL,"GDP, PPP (constant 2021 international $)",NY.GDP.MKTP.PP.KD,,,,,,,,,,,,,,,,,,,,,,,,,,,,,,,4.15225E+11,4.22837E+11,4.29309E+11,4.2518E+11,4.389E+11,4.49367E+11,4.55305E+11,4.72577E+11,4.81849E+11,4.98919E+11,5.17463E+11,5.23153E+11,5.32082E+11,5.37605E+11,5.56804E+11,5.69732E+11,5.84273E+11,6.05756E+11,6.08463E+11,5.96863E+11,6.1304E+11,6.24879E+11,6.26228E+11,6.28141E+11,6.39231E+11,6.48654E+11,6.56396E+11,6.66074E+11,6.78583E+11,6.9516E+11,6.61841E+11,7.02925E+11,7.32865E+11,7.41672E+11,7.49229E+11
Benin,BEN,"GDP, PPP (constant 2021 international $)",NY.GDP.MKTP.PP.KD,,,,,,,,,,,,,,,,,,,,,,,,,,,,,,,11656583105,12149166926,12508504152,13238521979,13505993137,14322457252,14941800983,15798666707,16424453813,17301757698,18315245217,19292022099,20187756641,20882937540,21807985799,22181592484,23056376559,24436611801,25633169334,26227677416,26782147493,27575904171,28902642502,30981156881,32950839416,33536755117,34656773215,36622353579,39075045480,41757815653,43364987288,46467947985,49373564169,52510156788,56423799508
Burkina Faso,BFA,"GDP, PPP (constant 2021 international $)",NY.GDP.MKTP.PP.KD,,,,,,,,,,,,,,,,,,,,,,,,,,,,,,,10147246626,11067600318,11093355816,11477339563,11628267413,12292982652,13647023205,14509083107,15569366222,16720757878,17036525025,18163219550,18953857927,20432731534,21347801636,23196921150,24647462832,25660813448,27149138508,27953282649,30314295612,32321878820,34407503767,36400587616,37975584845,39464694412,41815991713,44410042331,47343134250,50131268465,51139294288,54689652541,55508487753,57151639723,60000707833
Bangladesh,BGD,"GDP, PPP (constant 2021 international $)",NY.GDP.MKTP.PP.KD,,,,,,,,,,,,,,,,,,,,,,,,,,,,,,,2.31057E+11,2.3911E+11,2.52124E+11,2.64003E+11,2.74273E+11,2.8832E+11,3.0136E+11,3.14891E+11,3.31193E+11,3.4666E+11,3.6501E+11,3.83543E+11,3.98244E+11,4.17119E+11,4.38974E+11,4.67666E+11,4.98868E+11,5.34081E+11,5.66199E+11,5.94765E+11,6.27904E+11,6.68494E+11,7.12089E+11,7.54912E+11,8.00667E+11,8.53132E+11,9.1382E+11,9.74043E+11,1.04534E+12,1.12773E+12,1.16661E+12,1.24756E+12,1.33614E+12,1.4133E+12,1.47299E+12
Bulgaria,BGR,"GDP, PPP (constant 2021 international $)",NY.GDP.MKTP.PP.KD,,,,,,,,,,,,,,,,,,,,,,,,,,,,,,,1.30383E+11,1.19371E+11,1.1069E+11,1.09052E+11,1.11034E+11,1.14212E+11,1.20157E+11,1.03197E+11,1.07107E+11,98114160969,1.02615E+11,1.06539E+11,1.12794E+11,1.18702E+11,1.2643E+11,1.35351E+11,1.44558E+11,1.54178E+11,1.63628E+11,1.58151E+11,1.60611E+11,1.63968E+11,1.65196E+11,1.64299E+11,1.65859E+11,1.71495E+11,1.76685E+11,1.81537E+11,1.86165E+11,1.93218E+11,1.87005E+11,2.01555E+11,2.09696E+11,2.13652E+11,2.19657E+11
Bahrain,BHR,"GDP, PPP (constant 2021 international $)",NY.GDP.MKTP.PP.KD,,,,,,,,,,,,,,,,,,,,,,,,,,,,,,,21547623543,23967421295,25570841331,28861810335,28789655411,29921086679,31150845231,32114340636,33652618706,35099680719,36959988158,37880642522,39149095032,41614094816,44519158861,47532659557,50606596423,54803887940,58226396743,59705280669,62293086037,63494195104,65908897751,69397206738,72387433087,74202817291,77033649780,80849769947,82509283149,84203097859,79225547128,82671890844,87781147011,91185401848,93936691918
"Bahamas, The",BHS,"GDP, PPP (constant 2021 international $)",NY.GDP.MKTP.PP.KD,,,,,,,,,,,,,,,,,,,,,,,,,,,,,,,9126074163,8744441360,8409915560,8435801834,8701438146,9082452546,9466052687,9587952083,10040196469,10757478537,11203743854,11497955268,11808969928,11659596298,11762477514,12161941155,12468007620,12648307467,12354405315,11838556009,12020711429,12094418914,12641101658,12279151519,12505985015,12630638288,12484594381,12905479582,13215020091,13104139293,10471575966,12313201284,13652564215,14068800174,14544115518
Bosnia and Herzegovina,BIH,"GDP, PPP (constant 2021 international $)",NY.GDP.MKTP.PP.KD,,,,,,,,,,,,,,,,,,,,,,,,,,,,,,,10735823008,9732235589,9105780566,8907151759,9898692819,11479345879,17701071010,24186943178,28205936236,30891584252,32564152225,33353283615,35030101340,36384763979,38686197145,40193867106,42369964506,44851626858,47293273641,45872368076,46269471066,46713431845,46329523823,47418201226,47965336659,50034921315,51657181159,53332992269,55374312124,56973158639,55255363698,59338714266,61846849574,63080320176,64644741817
Belarus,BLR,"GDP, PPP (constant 2021 international $)",NY.GDP.MKTP.PP.KD,,,,,,,,,,,,,,,,,,,,,,,,,,,,,,,1.25855E+11,1.24345E+11,1.12408E+11,1.03865E+11,91712578582,82174470042,84475358964,94105554457,1.0201E+11,1.05479E+11,1.11597E+11,1.1687E+11,1.22766E+11,1.31413E+11,1.46459E+11,1.60226E+11,1.76249E+11,1.91407E+11,2.1093E+11,2.11352E+11,2.27732E+11,2.40371E+11,2.44476E+11,2.46918E+11,2.50994E+11,2.41382E+11,2.35284E+11,2.41242E+11,2.48839E+11,2.52438E+11,2.5074E+11,2.56855E+11,2.4489E+11,2.54995E+11,2.6522E+11
Belize,BLZ,"GDP, PPP (constant 2021 international $)",NY.GDP.MKTP.PP.KD,,,,,,,,,,,,,,,,,,,,,,,,,,,,,,,1509229600,1687027060,1901803195,2018535873,2018136104,2032927573,2055414605,2142464401,2225816331,2435595347,2733723411,2870244677,3025155337,3317586687,3476195214,3553350717,3713658265,3838186447,3773623682,3758932155,3800808004,3791513365,3933231633,4108430593,4274035085,4396964190,4399362807,4319608802,4367581136,4553973640,3920838780,4616637500,5062280490,5120446944,5537855017
Bermuda,BMU,"GDP, PPP (constant 2021 international $)",NY.GDP.MKTP.PP.KD,,,,,,,,,,,,,,,,,,,,,,,,,,,,,,,4590185345,4427950656,4425305478,4558443764,4585776802,4787511925,4912009996,5137962498,5338343040,5518920342,6033126782,6468865475,6373269189,6590642707,6743629136,6856531387,7236648326,7478724322,7339174630,6926221459,6752866566,6500124036,6155273014,6138056189,5910882581,5956723231,5917575270,6131283757,6104747481,6123495555,5705409424,5968282122,6354801544,6667280835,6807651687
Bolivia,BOL,"GDP, PPP (constant 2021 international $)",NY.GDP.MKTP.PP.KD,,,,,,,,,,,,,,,,,,,,,,,,,,,,,,,36538326983,38462627717,39095914184,40765034530,42667646760,44663757293,46611696478,48920937220,51381344702,51600684173,52894731708,53785372739,55122243536,56616794884,58979581087,61587323823,64541673182,67487603159,71637077005,74041933375,77097438566,81109660541,85264320876,91058893867,96031228059,1.00696E+11,1.04989E+11,1.09394E+11,1.14014E+11,1.16541E+11,1.06358E+11,1.12858E+11,1.16927E+11,1.20531E+11,1.222E+11
Brazil,BRA,"GDP, PPP (constant 2021 international $)",NY.GDP.MKTP.PP.KD,,,,,,,,,,,,,,,,,,,,,,,,,,,,,,,1.88417E+12,1.90362E+12,1.89326E+12,1.9865E+12,2.10276E+12,2.19158E+12,2.23999E+12,2.31603E+12,2.32387E+12,2.33474E+12,2.43719E+12,2.47106E+12,2.54651E+12,2.57557E+12,2.72392E+12,2.81114E+12,2.92252E+12,3.09991E+12,3.25783E+12,3.25373E+12,3.49867E+12,3.63773E+12,3.70761E+12,3.81902E+12,3.83827E+12,3.70217E+12,3.58089E+12,3.62826E+12,3.69298E+12,3.73806E+12,3.61557E+12,3.78777E+12,3.90203E+12,4.02853E+12,4.16533E+12
Barbados,BRB,"GDP, PPP (constant 2021 international $)",NY.GDP.MKTP.PP.KD,,,,,,,,,,,,,,,,,,,,,,,,,,,,,,,4389884980,4218683553,3978534107,4010086598,4090720719,4173107760,4339050404,4544725877,4714174359,4729950629,4940300503,4823439440,4861419300,4967178543,5037295151,5236543206,5554429981,5669916793,5705833481,5419556103,5299366019,5260604624,5244122563,5191136901,5195414682,5151456355,5243766864,5250502273,5188857959,5222719689,4436472511,4425161020,5214293923,5427757737,5634012548
Brunei Darussalam,BRN,"GDP, PPP (constant 2021 international $)",NY.GDP.MKTP.PP.KD,,,,,,,,,,,,,,,,,,,,,,,,,,,,,,,30166243011,31044278636,30075505033,29884931646,30181609719,30588244682,30579889427,32519860855,30354961860,31648302534,32747978586,33228083768,34544394076,35782267886,35819674111,35818268121,37286248538,35882934535,34483245025,33827975829,34755323894,36056704462,36385950967,35612828399,34719698828,34583464463,33726514653,34174647795,34192545419,35515401717,35917994866,35346624879,34771064638,35163158529,36640142252
Bhutan,BTN,"GDP, PPP (constant 2021 international $)",NY.GDP.MKTP.PP.KD,,,,,,,,,,,,,,,,,,,,,,,,,,,,,,,2010284102,2002084641,2094198378,2135796834,2241550894,2400120837,2533691711,2669848213,2827743862,3053510135,3155957488,3387237867,3740993528,4032288249,4240243732,4534307665,4790079125,5561511005,5813416798,6259160088,7005995173,7600752212,7993317392,8132108591,8610364851,9183884144,9962304965,10170202851,10526350322,11132157416,9994629330,10436528612,10980675421,11516817216,
Botswana,BWA,"GDP, PPP (constant 2021 international $)",NY.GDP.MKTP.PP.KD,,,,,,,,,,,,,,,,,,,,,,,,,,,,,,,13737121067,14761732983,15192343095,15483444652,16045171041,17173212391,18174376329,19687555071,19774901584,21686588919,22117652343,22173073418,23518874956,24606833357,25272650395,26424235521,28634324517,30292983737,31278133669,26854081059,29571639765,31593869884,31539889509,35041734071,37038112198,35241272984,37780203981,39334624593,40982231020,42224719387,38538973283,43131382325,45497577319,46957170594,45553212803
Central African Republic,CAF,"GDP, PPP (constant 2021 international $)",NY.GDP.MKTP.PP.KD,,,,,,,,,,,,,,,,,,,,,,,,,,,,,,,4254024014,4230518701,3958746872,3972019588,4166646538,4466646987,4287976955,4515236990,4727459557,4897646915,4775723304,4988946886,5169374255,4890358044,5183529347,5230606705,5480163420,5732663859,5850420283,6352811109,6646998256,6925814265,7275828382,4628010584,4631762536,4832647683,5062213760,5291394260,5491908661,5662157829,5713117250,5769272622,5795459459,5836025843,5925879192
Canada,CAN,"GDP, PPP (constant 2021 international $)",NY.GDP.MKTP.PP.KD,,,,,,,,,,,,,,,,,,,,,,,,,,,,,,,1.1208E+12,1.09737E+12,1.10714E+12,1.13656E+12,1.18764E+12,1.2195E+12,1.24009E+12,1.29317E+12,1.34351E+12,1.41258E+12,1.48517E+12,1.51302E+12,1.5584E+12,1.58655E+12,1.63561E+12,1.68812E+12,1.73265E+12,1.76817E+12,1.78577E+12,1.73371E+12,1.7873E+12,1.84337E+12,1.87573E+12,1.91936E+12,1.97451E+12,1.98734E+12,2.00798E+12,2.0689E+12,2.12565E+12,2.16622E+12,2.05708E+12,2.17949E+12,2.27078E+12,2.3055E+12,2.34073E+12
Central Europe and the Baltics,CEB,"GDP, PPP (constant 2021 international $)",NY.GDP.MKTP.PP.KD,,,,,,,,,,,,,,,,,,,,,,,,,,,,,,,1.91543E+12,1.70721E+12,1.62134E+12,1.62536E+12,1.68472E+12,1.78098E+12,1.86078E+12,1.89012E+12,1.93665E+12,1.96913E+12,2.04632E+12,2.10943E+12,2.18627E+12,2.27219E+12,2.41042E+12,2.52809E+12,2.6966E+12,2.86723E+12,2.98962E+12,2.88354E+12,2.91973E+12,3.02693E+12,3.05439E+12,3.07414E+12,3.17533E+12,3.3011E+12,3.39427E+12,3.57187E+12,3.75481E+12,3.90707E+12,3.77789E+12,4.0244E+12,4.18977E+12,4.22459E+12,4.30675E+12
Switzerland,CHE,"GDP, PPP (constant 2021 international $)",NY.GDP.MKTP.PP.KD,,,,,,,,,,,,,,,,,,,,,,,,,,,,,,,4.29865E+11,4.25929E+11,4.25742E+11,4.25206E+11,4.30605E+11,4.32676E+11,4.34715E+11,4.44545E+11,4.58015E+11,4.6563E+11,4.84063E+11,4.9169E+11,4.9133E+11,4.91171E+11,5.04441E+11,5.18312E+11,5.39426E+11,5.60552E+11,5.76292E+11,5.63053E+11,5.81315E+11,5.91854E+11,5.98834E+11,6.09566E+11,6.2389E+11,6.34151E+11,6.47269E+11,6.5609E+11,6.74857E+11,6.82564E+11,6.67945E+11,7.05081E+11,7.26544E+11,7.31508E+11,7.41035E+11
Channel Islands,CHI,"GDP, PPP (constant 2021 international $)",NY.GDP.MKTP.PP.KD,,,,,,,,,,,,,,,,,,,,,,,,,,,,,,,,,,,,,,,,,,,,,,,,,,,,,,,,,,,,,,,,,
Chile,CHL,"GDP, PPP (constant 2021 international $)",NY.GDP.MKTP.PP.KD,,,,,,,,,,,,,,,,,,,,,,,,,,,,,,,1.47173E+11,1.58588E+11,1.76828E+11,1.8865E+11,1.98228E+11,2.16575E+11,2.31984E+11,2.49131E+11,2.59547E+11,2.58837E+11,2.71705E+11,2.80275E+11,2.89252E+11,3.02914E+11,3.23131E+11,3.41992E+11,3.62683E+11,3.81427E+11,3.95881E+11,3.91455E+11,4.14361E+11,4.40151E+11,4.67244E+11,4.82702E+11,4.91356E+11,5.01929E+11,5.10728E+11,5.17662E+11,5.38317E+11,5.41732E+11,5.08451E+11,5.65982E+11,5.78173E+11,5.81187E+11,5.96556E+11
China,CHN,"GDP, PPP (constant 2021 international $)",NY.GDP.MKTP.PP.KD,,,,,,,,,,,,,,,,,,,,,,,,,,,,,,,1.89227E+12,2.06942E+12,2.36534E+12,2.69481E+12,3.04709E+12,3.38327E+12,3.7208E+12,4.06637E+12,4.38846E+12,4.72799E+12,5.13396E+12,5.56073E+12,6.07473E+12,6.68938E+12,7.36711E+12,8.21125E+12,9.252E+12,1.05612E+13,1.15824E+13,1.26715E+13,1.40142E+13,1.53401E+13,1.65453E+13,1.78323E+13,1.91629E+13,2.05003E+13,2.18893E+13,2.33977E+13,2.49787E+13,2.64945E+13,2.71145E+13,2.94382E+13,3.03609E+13,3.20049E+13,3.35979E+13
Cote d'Ivoire,CIV,"GDP, PPP (constant 2021 international $)",NY.GDP.MKTP.PP.KD,,,,,,,,,,,,,,,,,,,,,,,,,,,,,,,64063495622,64089713718,63932975523,63809914072,64327544357,68911360958,74237745676,81400827011,84871681712,85862015402,85633803213,83789240396,81501353004,77649707795,80122880671,80920957094,83199350239,84115732650,88138707178,91314628222,97567899071,92328066528,99363845372,1.10056E+11,1.2037E+11,1.29031E+11,1.38286E+11,1.48534E+11,1.55727E+11,1.66194E+11,1.67357E+11,1.79178E+11,1.90645E+11,2.02943E+11,2.15018E+11
Cameroon,CMR,"GDP, PPP (constant 2021 international $)",NY.GDP.MKTP.PP.KD,,,,,,,,,,,,,,,,,,,,,,,,,,,,,,,51192848469,49243117964,47716579726,43931668855,44756182469,46051427006,47992527880,50165300202,52535878944,54905932269,57010156987,59475425082,62138155822,65526644958,70145528271,71708560181,74440357496,77661830226,79873388994,81933524799,84308797938,87157770352,91189670264,95745076834,1.01222E+11,1.06958E+11,1.11809E+11,1.15768E+11,1.20348E+11,1.2453E+11,1.24854E+11,1.29022E+11,1.33843E+11,1.38191E+11,1.43264E+11
"Congo, Dem. Rep.",COD,"GDP, PPP (constant 2021 international $)",NY.GDP.MKTP.PP.KD,,,,,,,,,,,,,,,,,,,,,,,,,,,,,,,79677843437,72968131208,65306471181,56510309573,54306409306,54686553536,54127015681,51086675988,50256949674,48110907145,44785997321,43845413886,45137873732,47655584124,50866795582,53987550379,56860216902,60419369536,64181015601,66013424679,70705643442,75566423729,80921739817,87785486697,96099025197,1.02745E+11,1.05211E+11,1.09132E+11,1.15485E+11,1.20548E+11,1.2264E+11,1.30244E+11,1.41867E+11,1.54081E+11,1.64367E+11
"Congo, Rep.",COG,"GDP, PPP (constant 2021 international $)",NY.GDP.MKTP.PP.KD,,,,,,,,,,,,,,,,,,,,,,,,,,,,,,,20709745611,21205820117,21759705123,21546528946,20362961790,21174491871,22082979540,21945002400,22765208445,22177365378,23857518232,24764724673,25899412179,26110042794,27017792798,29113227688,31438279447,29358953278,31210439248,34842488218,38302788206,39147716828,43041800172,42735155559,45575361950,45764587691,41789821841,39451775871,38542681577,38976083979,36533151792,36903988991,37448454256,38162545447,39147011808
Colombia,COL,"GDP, PPP (constant 2021 international $)",NY.GDP.MKTP.PP.KD,,,,,,,,,,,,,,,,,,,,,,,,,,,,,,,3.24362E+11,3.30855E+11,3.44237E+11,3.62776E+11,3.8387E+11,4.03841E+11,4.12143E+11,4.26281E+11,4.2871E+11,4.10687E+11,4.22699E+11,4.29791E+11,4.40553E+11,4.57815E+11,4.82231E+11,5.05516E+11,5.39471E+11,5.75822E+11,5.94729E+11,6.01506E+11,6.28542E+11,6.72213E+11,6.98514E+11,7.34375E+11,7.67415E+11,7.90099E+11,8.06592E+11,8.17556E+11,8.38521E+11,8.65243E+11,8.03068E+11,8.89809E+11,9.55016E+11,9.6182E+11,9.78592E+11
Comoros,COM,"GDP, PPP (constant 2021 international $)",NY.GDP.MKTP.PP.KD,,,,,,,,,,,,,,,,,,,,,,,,,,,,,,,1058574902,1001458042,1086892245,1119564892,1060487882,1098773684,1084580946,1128291225,1142761738,1164753144,1291104151,1321224412,1351942151,1380385278,1406883980,1446804986,1485101270,1496982709,1556332253,1657290418,1736857895,1839126740,1955187403,2129732252,2212700089,2256778506,2319522106,2449326959,2548759982,2641248625,2747039030,2821917778,2901450569,2990370233,3091707406
Cabo Verde,CPV,"GDP, PPP (constant 2021 international $)",NY.GDP.MKTP.PP.KD,,,,,,,,,,,,,,,,,,,,,,,,,,,,,,,694075763.3,703821607.2,780803130,848797899.3,1011619759,1155387479,1286483805,1429520556,1608457729,1788969286,2044521202,2090147852,2199899241,2291772738,2525466469,2700038277,2915602595,3357919567,3594283905,3540240729,3605254388,3746750463,3787352068,3811293311,3837845328,3873768578,4039593564,4223448184,4380009912,4684325394,3709738572,3970664151,4599763302,4847743178,5200265316
Costa Rica,CRI,"GDP, PPP (constant 2021 international $)",NY.GDP.MKTP.PP.KD,,,,,,,,,,,,,,,,,,,,,,,,,,,,,,,34193376304,34968080231,38185529566,40895629626,42743714733,44519268572,45120483260,47591355722,50996664081,53146077176,55202149077,57129349887,59081389155,61632038993,64359009941,66918353044,71821256960,77721468012,81404047084,80693018597,85018441595,88761938962,93095822657,95418345692,98798168340,1.02406E+11,1.06712E+11,1.11149E+11,1.14056E+11,1.16813E+11,1.11822E+11,1.20696E+11,1.26189E+11,1.3264E+11,1.38371E+11
Caribbean small states,CSS,"GDP, PPP (constant 2021 international $)",NY.GDP.MKTP.PP.KD,,,,,,,,,,,,,,,,,,,,,,,,,,,,,,,47575422994,48144425372,49967384146,50061814847,51813843949,53341680086,55994361140,58845772605,61749389373,64844113719,67842065353,69554641145,72618471792,78015801874,82302863142,85961424314,93296013610,97286414891,99485654188,96605067084,98871614866,1.0003E+11,1.0465E+11,1.06832E+11,1.09649E+11,1.09288E+11,1.05448E+11,1.04216E+11,1.05615E+11,1.06818E+11,98892445017,1.04573E+11,1.21017E+11,1.33332E+11,1.53617E+11
Cuba,CUB,"GDP, PPP (constant 2021 international $)",NY.GDP.MKTP.PP.KD,,,,,,,,,,,,,,,,,,,,,,,,,,,,,,,,,,,,,,,,,,,,,,,,,,,,,,,,,,,,,,,,,
Curacao,CUW,"GDP, PPP (constant 2021 international $)",NY.GDP.MKTP.PP.KD,,,,,,,,,,,,,,,,,,,,,,,,,,,,,,,,,,,,,,,,,4592351701,4560400244,4578508007,4591702658,4601274570,4632398758,4708181776,4824472135,4930033663,4903839988,4907876172,4932830636,4915617483,4884369055,4853236215,4875471391,4823415569,4761858749,4661663940,4512204853,3680223299,3834193241,4137976371,4311854138,
Cayman Islands,CYM,"GDP, PPP (constant 2021 international $)",NY.GDP.MKTP.PP.KD,,,,,,,,,,,,,,,,,,,,,,,,,,,,,,,,,,,,,,,,,,,,,,,4445537886,4586133589,4569742693,4240699172,4125537250,4173767347,4225094403,4279147346,4392738510,4517190161,4663545963,4812035409,5017377829,5213840049,4955504368,5198568359,5466623675,5704950753,
Cyprus,CYP,"GDP, PPP (constant 2021 international $)",NY.GDP.MKTP.PP.KD,,,,,,,,,,,,,,,,,,,,,,,,,,,,,,,16045152326,16163806419,17683204064,17806986578,18857598555,20434559446,20689693396,21236093853,22533806691,23660036141,25071429331,26062393265,27032689628,27741838073,29136218386,30550195458,31990265557,33621201641,34847363241,34145160284,34924581956,35070116834,33861116109,31630522700,31068746057,32130961751,34243119699,36212384110,38483503023,40744638124,39432404009,43923040810,47087637838,48389097653,50057583598
Czechia,CZE,"GDP, PPP (constant 2021 international $)",NY.GDP.MKTP.PP.KD,,,,,,,,,,,,,,,,,,,,,,,,,,,,,,,2.88488E+11,2.5498E+11,2.53689E+11,2.53846E+11,2.61231E+11,2.77483E+11,2.8905E+11,2.87328E+11,2.86198E+11,2.90143E+11,3.0178E+11,3.10583E+11,3.15284E+11,3.25691E+11,3.41117E+11,3.62863E+11,3.86896E+11,4.08132E+11,4.18794E+11,3.98699E+11,4.09522E+11,4.1678E+11,4.13568E+11,4.13395E+11,4.22677E+11,4.43637E+11,4.55086E+11,4.7863E+11,4.92177E+11,5.09727E+11,4.82687E+11,5.02134E+11,5.16431E+11,5.16145E+11,5.21928E+11
Germany,DEU,"GDP, PPP (constant 2021 international $)",NY.GDP.MKTP.PP.KD,,,,,,,,,,,,,,,,,,,,,,,,,,,,,,,3.36586E+12,3.53779E+12,3.60905E+12,3.57393E+12,3.66676E+12,3.72196E+12,3.7606E+12,3.83035E+12,3.91064E+12,3.99394E+12,4.10886E+12,4.1761E+12,4.16657E+12,4.14449E+12,4.19266E+12,4.2298E+12,4.39289E+12,4.51985E+12,4.561E+12,4.30808E+12,4.48673E+12,4.65534E+12,4.67742E+12,4.69548E+12,4.79735E+12,4.87664E+12,4.98854E+12,5.12403E+12,5.18124E+12,5.23242E+12,5.01815E+12,5.20231E+12,5.27357E+12,5.25952E+12,5.24698E+12
Djibouti,DJI,"GDP, PPP (constant 2021 international $)",NY.GDP.MKTP.PP.KD,,,,,,,,,,,,,,,,,,,,,,,,,,,,,,,,,,,,,,,,,,,,,,,,,,,,,,4401251431,4717832887,5062658615,5423293675,5719302007,5992360894,6324642148,6400671631,6682759258,7028026489,7546137626,7995421831
Dominica,DMA,"GDP, PPP (constant 2021 international $)",NY.GDP.MKTP.PP.KD,,,,,,,,,,,,,,,,,,,,,,,,,,,,,,,787589429.4,798204284.1,814403208.1,832005833.9,832292721.9,857518370.7,884137475.4,903461428.9,937560112.7,940879816.3,962898467.5,962283707.6,932573962.9,986709458.9,1027143200,1036544503,1082160492,1140141976,1221335045,1207463715,1206188502,1206704014,1204804760,1204859025,1232995103,1191401460,1208643965,1117459468,1150581085,1196007149,1008157453,1062394694,1172849827,1215684767,1240639596
Denmark,DNK,"GDP, PPP (constant 2021 international $)",NY.GDP.MKTP.PP.KD,,,,,,,,,,,,,,,,,,,,,,,,,,,,,,,2.35563E+11,2.38998E+11,2.43833E+11,2.4364E+11,2.5654E+11,2.64334E+11,2.71989E+11,2.80607E+11,2.87134E+11,2.95654E+11,3.06665E+11,3.09578E+11,3.10991E+11,3.12363E+11,3.21035E+11,3.28611E+11,3.41152E+11,3.4452E+11,3.43083E+11,3.26016E+11,3.31176E+11,3.35518E+11,3.35499E+11,3.40172E+11,3.44519E+11,3.51769E+11,3.62579E+11,3.73661E+11,3.80612E+11,3.87125E+11,3.80234E+11,4.08303E+11,4.14592E+11,4.24937E+11,4.40558E+11
Dominican Republic,DOM,"GDP, PPP (constant 2021 international $)",NY.GDP.MKTP.PP.KD,,,,,,,,,,,,,,,,,,,,,,,,,,,,,,,52401790044,52896535722,58840764950,63175384798,64814017227,68508408815,72592327419,79052719563,84353880870,89378428431,93536067580,95845819394,1.00146E+11,98794618824,1.01349E+11,1.10908E+11,1.2108E+11,1.30062E+11,1.34312E+11,1.3566E+11,1.47057E+11,1.51751E+11,1.55963E+11,1.6366E+11,1.75298E+11,1.87547E+11,2.0015E+11,2.08023E+11,2.22788E+11,2.33691E+11,2.15162E+11,2.45311E+11,2.5816E+11,2.6382E+11,2.76884E+11
Algeria,DZA,"GDP, PPP (constant 2021 international $)",NY.GDP.MKTP.PP.KD,,,,,,,,,,,,,,,,,,,,,,,,,,,,,,,2.97621E+11,2.9405E+11,2.99343E+11,2.93057E+11,2.90419E+11,3.01455E+11,3.13815E+11,3.17267E+11,3.33447E+11,3.44118E+11,3.57194E+11,3.6791E+11,3.87777E+11,4.12982E+11,4.31567E+11,4.54871E+11,4.68063E+11,4.82572E+11,4.94637E+11,5.00572E+11,5.246E+11,5.40338E+11,5.53306E+11,5.67692E+11,5.90967E+11,6.09878E+11,6.33664E+11,6.43169E+11,6.52173E+11,6.58042E+11,6.2514E+11,6.48896E+11,6.72256E+11,6.99818E+11,7.22912E+11
East Asia & Pacific (excluding high income),EAP,"GDP, PPP (constant 2021 international $)",NY.GDP.MKTP.PP.KD,,,,,,,,,,,,,,,,,,,,,,,,,,,,,,,4.02315E+12,4.33382E+12,4.77743E+12,5.27268E+12,5.80939E+12,6.36576E+12,6.92391E+12,7.38297E+12,7.45193E+12,7.89035E+12,8.4725E+12,9.01801E+12,9.7121E+12,1.05422E+13,1.14594E+13,1.25366E+13,1.38285E+13,1.54339E+13,1.66914E+13,1.79167E+13,1.9622E+13,2.12162E+13,2.2793E+13,2.44034E+13,2.60543E+13,2.77431E+13,2.95059E+13,3.14343E+13,3.34536E+13,3.53896E+13,3.56832E+13,3.82425E+13,3.96831E+13,4.17279E+13,4.37906E+13
Early-demographic dividend,EAR,"GDP, PPP (constant 2021 international $)",NY.GDP.MKTP.PP.KD,,,,,,,,,,,,,,,,,,,,,,,,,,,,,,,1.04099E+13,1.08171E+13,1.1274E+13,1.16824E+13,1.21085E+13,1.251E+13,1.32558E+13,1.38805E+13,1.42067E+13,1.46332E+13,1.52702E+13,1.55481E+13,1.59306E+13,1.68098E+13,1.78777E+13,1.89716E+13,2.01639E+13,2.13751E+13,2.2153E+13,2.25856E+13,2.40787E+13,2.53357E+13,2.63866E+13,2.75285E+13,2.88165E+13,3.02768E+13,3.18148E+13,3.33939E+13,3.48478E+13,3.58476E+13,3.44327E+13,3.69771E+13,3.9267E+13,4.13259E+13,4.30251E+13
East Asia & Pacific,EAS,"GDP, PPP (constant 2021 international $)",NY.GDP.MKTP.PP.KD,,,,,,,,,,,,,,,,,,,,,,,,,,,,,,,1.04391E+13,1.10161E+13,1.16014E+13,1.22166E+13,1.29715E+13,1.38115E+13,1.46773E+13,1.53416E+13,1.53331E+13,1.59755E+13,1.69116E+13,1.75458E+13,1.84362E+13,1.94768E+13,2.07373E+13,2.21002E+13,2.36879E+13,2.56342E+13,2.69374E+13,2.78692E+13,3.01286E+13,3.19299E+13,3.37395E+13,3.56331E+13,3.7492E+13,3.93855E+13,4.13568E+13,4.35881E+13,4.58392E+13,4.7883E+13,4.78606E+13,5.09113E+13,5.25848E+13,5.48832E+13,5.7211E+13
Europe & Central Asia (excluding high income),ECA,"GDP, PPP (constant 2021 international $)",NY.GDP.MKTP.PP.KD,,,,,,,,,,,,,,,,,,,,,,,,,,,,,,,2.83191E+12,2.65516E+12,2.46219E+12,2.30926E+12,1.99575E+12,1.94244E+12,1.96324E+12,2.04452E+12,2.08158E+12,2.06489E+12,2.20175E+12,2.24597E+12,2.38631E+12,2.55765E+12,2.80976E+12,3.02475E+12,3.27842E+12,3.53069E+12,3.64855E+12,3.47008E+12,3.69407E+12,3.97195E+12,4.10496E+12,4.32551E+12,4.39327E+12,4.46888E+12,4.58104E+12,4.81823E+12,4.98805E+12,5.11534E+12,5.09263E+12,5.5073E+12,5.51363E+12,5.79207E+12,6.01299E+12
Europe & Central Asia,ECS,"GDP, PPP (constant 2021 international $)",NY.GDP.MKTP.PP.KD,,,,,,,,,,,,,,,,,,,,,,,,,,,,,,,2.39244E+13,2.36228E+13,2.29283E+13,2.24444E+13,2.22141E+13,2.25307E+13,2.28279E+13,2.34731E+13,2.393E+13,2.463E+13,2.58237E+13,2.64885E+13,2.70465E+13,2.77411E+13,2.88448E+13,2.97968E+13,3.11848E+13,3.2567E+13,3.31153E+13,3.15182E+13,3.24256E+13,3.33479E+13,3.35885E+13,3.39563E+13,3.45301E+13,3.50909E+13,3.57184E+13,3.67934E+13,3.76837E+13,3.84566E+13,3.66075E+13,3.90549E+13,4.00263E+13,4.0688E+13,4.14928E+13
Ecuador,ECU,"GDP, PPP (constant 2021 international $)",NY.GDP.MKTP.PP.KD,,,,,,,,,,,,,,,,,,,,,,,,,,,,,,,95360865487,99453126802,1.01556E+11,1.0356E+11,1.0797E+11,1.10402E+11,1.12314E+11,1.17174E+11,1.21002E+11,1.15267E+11,1.16526E+11,1.21427E+11,1.27411E+11,1.31086E+11,1.40043E+11,1.47603E+11,1.54011E+11,1.56941E+11,1.67244E+11,1.69068E+11,1.7588E+11,1.90797E+11,2.01832E+11,2.16386E+11,2.25531E+11,2.25801E+11,2.24247E+11,2.37636E+11,2.40117E+11,2.40515E+11,2.18279E+11,2.38845E+11,2.52861E+11,2.57889E+11,2.52728E+11
"Egypt, Arab Rep.",EGY,"GDP, PPP (constant 2021 international $)",NY.GDP.MKTP.PP.KD,,,,,,,,,,,,,,,,,,,,,,,,,,,,,,,4.6756E+11,4.72822E+11,4.9397E+11,5.08299E+11,5.28495E+11,5.5303E+11,5.80619E+11,6.12509E+11,6.46659E+11,6.85804E+11,7.2949E+11,7.55279E+11,7.73332E+11,7.98028E+11,8.30684E+11,8.6783E+11,9.27223E+11,9.92943E+11,1.064E+12,1.11373E+12,1.17105E+12,1.19172E+12,1.21825E+12,1.24487E+12,1.28117E+12,1.33719E+12,1.39531E+12,1.45365E+12,1.53114E+12,1.61615E+12,1.67353E+12,1.7286E+12,1.84248E+12,1.91176E+12,1.95763E+12
Euro area,EMU,"GDP, PPP (constant 2021 international $)",NY.GDP.MKTP.PP.KD,,,,,,,,,,,,,,,,,,,,,,,,,,,,,,,1.19704E+13,1.22336E+13,1.23492E+13,1.22553E+13,1.25598E+13,1.28733E+13,1.31015E+13,1.34669E+13,1.38714E+13,1.42827E+13,1.48402E+13,1.51712E+13,1.53245E+13,1.54526E+13,1.5814E+13,1.61009E+13,1.6642E+13,1.71489E+13,1.72216E+13,1.644E+13,1.67737E+13,1.70514E+13,1.68794E+13,1.68425E+13,1.70827E+13,1.74446E+13,1.77658E+13,1.82258E+13,1.85517E+13,1.88541E+13,1.76842E+13,1.88144E+13,1.94932E+13,1.95954E+13,1.97776E+13
Eritrea,ERI,"GDP, PPP (constant 2021 international $)",NY.GDP.MKTP.PP.KD,,,,,,,,,,,,,,,,,,,,,,,,,,,,,,,,,,,,,,,,,,,,,,,,,,,,,,,,,,,,,,,,,
Spain,ESP,"GDP, PPP (constant 2021 international $)",NY.GDP.MKTP.PP.KD,,,,,,,,,,,,,,,,,,,,,,,,,,,,,,,1.23494E+12,1.26638E+12,1.27815E+12,1.26497E+12,1.29511E+12,1.33082E+12,1.36552E+12,1.41451E+12,1.47536E+12,1.54041E+12,1.62052E+12,1.68403E+12,1.73043E+12,1.78129E+12,1.83677E+12,1.902E+12,1.97891E+12,2.04883E+12,2.06455E+12,1.98676E+12,1.98863E+12,1.9759E+12,1.91929E+12,1.89189E+12,1.92066E+12,1.99865E+12,2.05692E+12,2.11649E+12,2.16719E+12,2.20969E+12,1.96795E+12,2.09947E+12,2.2292E+12,2.28885E+12,2.36095E+12
Estonia,EST,"GDP, PPP (constant 2021 international $)",NY.GDP.MKTP.PP.KD,,,,,,,,,,,,,,,,,,,,,,,,,,,,,,,30379251199,27948958618,22032539654,20767762989,20426668136,21351318403,22406716690,25330797857,26430110817,26317776140,28972618279,30676424340,32803221093,35295052770,37695363815,41285113616,45315602274,48746409722,46248004358,39481818399,40449024326,43525971329,45124253146,45916857853,47442578560,48314645565,49809026832,52615602364,54562220522,56595563205,54963456100,58895787306,58931378334,57149859934,57000695251
Ethiopia,ETH,"GDP, PPP (constant 2021 international $)",NY.GDP.MKTP.PP.KD,,,,,,,,,,,,,,,,,,,,,,,,,,,,,,,41627443417,38656293093,35303833749,39943758006,41217949739,43743584314,49179238117,50720469630,48966485221,51494206591,54621561747,59155864905,60051913997,58753976116,66728420121,74614895915,82699216238,92173376558,1.02118E+11,1.11106E+11,1.25051E+11,1.39029E+11,1.51053E+11,1.67037E+11,1.84171E+11,2.03311E+11,2.2249E+11,2.4377E+11,2.60385E+11,2.82164E+11,2.99262E+11,3.16145E+11,3.3297E+11,3.54926E+11,3.80895E+11
European Union,EUU,"GDP, PPP (constant 2021 international $)",NY.GDP.MKTP.PP.KD,,,,,,,,,,,,,,,,,,,,,,,,,,,,,,,1.40571E+13,1.41658E+13,1.42489E+13,1.41673E+13,1.45504E+13,1.49681E+13,1.52744E+13,1.56668E+13,1.6126E+13,1.6593E+13,1.72455E+13,1.76333E+13,1.78535E+13,1.80518E+13,1.85547E+13,1.895E+13,1.96566E+13,2.03083E+13,2.04859E+13,1.96148E+13,2.00094E+13,2.04007E+13,2.02471E+13,2.02346E+13,2.05804E+13,2.10803E+13,2.15032E+13,2.21391E+13,2.26409E+13,2.30979E+13,2.18038E+13,2.31943E+13,2.40357E+13,2.417E+13,2.44411E+13
Fragile and conflict affected situations,FCS,"GDP, PPP (constant 2021 international $)",NY.GDP.MKTP.PP.KD,,,,,,,,,,,,,,,,,,,,,,,,,,,,,,,2.9591E+12,2.71551E+12,2.63463E+12,2.49077E+12,2.26832E+12,2.20287E+12,2.22227E+12,2.30018E+12,2.40373E+12,2.46985E+12,2.61327E+12,2.74267E+12,2.87592E+12,2.92654E+12,3.28413E+12,3.46172E+12,3.68319E+12,3.92384E+12,4.1149E+12,4.1231E+12,4.39824E+12,4.52336E+12,4.69517E+12,4.8225E+12,4.87303E+12,4.91659E+12,5.06776E+12,5.19677E+12,5.35404E+12,5.51156E+12,5.26184E+12,5.35048E+12,5.25138E+12,5.35721E+12,5.46665E+12
Finland,FIN,"GDP, PPP (constant 2021 international $)",NY.GDP.MKTP.PP.KD,,,,,,,,,,,,,,,,,,,,,,,,,,,,,,,1.93509E+11,1.8213E+11,1.76099E+11,1.74725E+11,1.81652E+11,1.89344E+11,1.96279E+11,2.08836E+11,2.20227E+11,2.29893E+11,2.43121E+11,2.4954E+11,2.5375E+11,2.58855E+11,2.69223E+11,2.767E+11,2.87823E+11,3.03114E+11,3.05492E+11,2.8082E+11,2.89717E+11,2.96643E+11,2.92125E+11,2.89263E+11,2.8788E+11,2.89223E+11,2.96662E+11,3.06462E+11,3.10118E+11,3.14304E+11,3.06474E+11,3.14676E+11,3.17078E+11,3.14075E+11,3.13591E+11
Fiji,FJI,"GDP, PPP (constant 2021 international $)",NY.GDP.MKTP.PP.KD,,,,,,,,,,,,,,,,,,,,,,,,,,,,,,,6284654637,6114968727,6487981936,6626178055,6964113110,7138215836,7480850227,7316271569,7411383132,8063584753,7926503940,8085034030,8343755048,8427192544,8873833724,8935950595,9101487639,9024065442,9117265468,8990896731,9256548277,9506951148,9641124117,10097556093,10663374104,11143353943,11415881579,12027015337,12485527403,12412868288,10297880949,9795237652,11733982269,12616881283,13099981526
France,FRA,"GDP, PPP (constant 2021 international $)",NY.GDP.MKTP.PP.KD,,,,,,,,,,,,,,,,,,,,,,,,,,,,,,,2.25213E+12,2.27998E+12,2.31455E+12,2.30624E+12,2.36121E+12,2.41563E+12,2.44938E+12,2.51128E+12,2.59798E+12,2.6863E+12,2.79754E+12,2.85067E+12,2.88111E+12,2.909E+12,2.99243E+12,3.04895E+12,3.1317E+12,3.21095E+12,3.22315E+12,3.13211E+12,3.19477E+12,3.27264E+12,3.27866E+12,3.30429E+12,3.33726E+12,3.37286E+12,3.40187E+12,3.47275E+12,3.52991E+12,3.60147E+12,3.3335E+12,3.56292E+12,3.65452E+12,3.68874E+12,3.73176E+12
Faroe Islands,FRO,"GDP, PPP (constant 2021 international $)",NY.GDP.MKTP.PP.KD,,,,,,,,,,,,,,,,,,,,,,,,,,,,,,,,,,,,,,,,,,,,,,,,,2598661867,2480337042,2470916276,2559038124,2740255985,2900729319,3058301056,3087599640,3130407602,3240347945,3329901750,3481029683,3424034047,3612505898,3740967468,3834082322,
"Micronesia, Fed. Sts.",FSM,"GDP, PPP (constant 2021 international $)",NY.GDP.MKTP.PP.KD,,,,,,,,,,,,,,,,,,,,,,,,,,,,,,,316480756.2,339986861.9,353613589.8,382400052.6,380356043.4,407035984.3,394082587.1,370197488,380750026.2,385983200.7,404641257.2,413412271,415673626.5,422208494.2,409203826.4,417559225,417220771.1,409559824.7,399695606.7,404064676.3,413194073,426369074.9,418409532.8,403013033.6,393720456.8,411917759.6,413911860.9,417318542.9,417318542.9,434351952.8,427085443.7,440323830.7,427528611.1,429589930.7,432679041.1
Gabon,GAB,"GDP, PPP (constant 2021 international $)",NY.GDP.MKTP.PP.KD,,,,,,,,,,,,,,,,,,,,,,,,,,,,,,,23496300369,24932512547,24162061595,25115630647,26048112440,27343705898,28334928640,29960890947,31002880875,28233510469,27701882954,28293382817,28222922909,28857185126,29056167843,29833769975,28996461844,30738600595,29721635312,29760371852,31870348681,34130515199,35922734805,37948309694,39585765763,41121257792,41981285134,42179706333,42533137086,44200780065,43388475339,44025399637,45362721558,46472239669,48044817323
United Kingdom,GBR,"GDP, PPP (constant 2021 international $)",NY.GDP.MKTP.PP.KD,,,,,,,,,,,,,,,,,,,,,,,,,,,,,,,1.96405E+12,1.94238E+12,1.95017E+12,1.99873E+12,2.0756E+12,2.12815E+12,2.18309E+12,2.2906E+12,2.36855E+12,2.44098E+12,2.54696E+12,2.61249E+12,2.6594E+12,2.74323E+12,2.81066E+12,2.88747E+12,2.95621E+12,3.03381E+12,3.02626E+12,2.88643E+12,2.95089E+12,2.98448E+12,3.02952E+12,3.08405E+12,3.18257E+12,3.25332E+12,3.31584E+12,3.40392E+12,3.45175E+12,3.50783E+12,3.14663E+12,3.41648E+12,3.58181E+12,3.59603E+12,3.63561E+12
Georgia,GEO,"GDP, PPP (constant 2021 international $)",NY.GDP.MKTP.PP.KD,,,,,,,,,,,,,,,,,,,,,,,,,,,,,,,62027887438,48940095711,26966102947,19064989883,17082568369,17526130080,19489502932,21539955384,22208019189,22844788762,23265219955,24383648565,25718415556,28562108737,30216621133,33114739064,36234637851,40791350035,41779159245,40253905630,42768329074,46161712229,49198613273,51723921667,53839683819,55643864277,57563697329,60533928054,64203516815,67658127813,63402112373,70150781358,77838277278,83934727816,91848574231
Ghana,GHA,"GDP, PPP (constant 2021 international $)",NY.GDP.MKTP.PP.KD,,,,,,,,,,,,,,,,,,,,,,,,,,,,,,,42884426695,45149507665,46901046280,49175747285,50798546817,52887595893,55321726951,57643224356,60352681161,63008197216,65339500565,67953080671,71010969001,74703539484,78886937688,83541270024,88887838296,92751631832,1.01238E+11,1.06143E+11,1.14528E+11,1.30616E+11,1.42753E+11,1.53192E+11,1.57568E+11,1.60909E+11,1.66338E+11,1.79859E+11,1.9101E+11,2.03441E+11,2.04486E+11,2.14867E+11,2.23043E+11,2.30046E+11,2.43124E+11
Gibraltar,GIB,"GDP, PPP (constant 2021 international $)",NY.GDP.MKTP.PP.KD,,,,,,,,,,,,,,,,,,,,,,,,,,,,,,,,,,,,,,,,,,,,,,,,,,,,,,,,,,,,,,,,,
Guinea,GIN,"GDP, PPP (constant 2021 international $)",NY.GDP.MKTP.PP.KD,,,,,,,,,,,,,,,,,,,,,,,,,,,,,,,13549165645,13903262657,14358031052,15082270891,15681051993,16403583624,17135441824,18023332470,18680124557,19392211658,19877610461,20604802321,21668959893,21939518799,22452929276,23125904765,23401011018,24996368184,26029472120,25737254321,26976081069,28490008891,30175274473,31365896381,32525353401,33769744335,37423842475,41278500249,43903190355,46369195006,48550675963,51260936278,53297229730,56250816533,59439407532
"Gambia, The",GMB,"GDP, PPP (constant 2021 international $)",NY.GDP.MKTP.PP.KD,,,,,,,,,,,,,,,,,,,,,,,,,,,,,,,2798934224,2885898208,2983403728,3073266872,3078010336,3105153716,3174198226,3329733910,3446274554,3666836093,3868512086,4092885796,3959867002,4231909850,4530259494,4423720051,4399142704,4533019593,4816601017,5137662361,5441212707,4998817942,5260834446,5411966056,5335798994,5552329655,5660231389,5933202345,6362463028,6758338860,6798313575,7155630814,7548689490,7910838544,8365452099
Guinea-Bissau,GNB,"GDP, PPP (constant 2021 international $)",NY.GDP.MKTP.PP.KD,,,,,,,,,,,,,,,,,,,,,,,,,,,,,,,1893034391,1989579145,2011464515,2053705270,2119423839,2212678488,2469349193,2629856890,2039566390,2382519913,2408734259,2524015598,2616241513,2608760866,2639332714,2812466899,2887461467,2961375470,3095365129,3171138152,3348891961,3619651271,3557651366,3673491052,3708922819,3936431459,4150285116,4343841109,4507232677,4758093769,4859351472,5113853514,5399469253,5640485327,5911989296
Equatorial Guinea,GNQ,"GDP, PPP (constant 2021 international $)",NY.GDP.MKTP.PP.KD,,,,,,,,,,,,,,,,,,,,,,,,,,,,,,,532523229.4,527079569.9,710215053.2,788574593.1,920020795.1,1080898058,1800559955,4500913078,5570981862,7000719508,8275815154,13521016489,16152589488,18406723784,25401044478,29655389368,31940312685,36821467655,43375360868,43958046505,40035153118,42647015933,46192207713,44282992076,44466795853,40415852453,36852622273,34763996772,32595924793,30809073116,29332985518,29585328380,30539013901,28984789203,29247753195
Greece,GRC,"GDP, PPP (constant 2021 international $)",NY.GDP.MKTP.PP.KD,,,,,,,,,,,,,,,,,,,,,,,,,,,,,,,2.7446E+11,2.82968E+11,2.84949E+11,2.8039E+11,2.85998E+11,2.92003E+11,2.9604E+11,3.06706E+11,3.17247E+11,3.25682E+11,3.39158E+11,3.5493E+11,3.71552E+11,3.9309E+11,4.1423E+11,4.19133E+11,4.46139E+11,4.61785E+11,4.6205E+11,4.43017E+11,4.17793E+11,3.76528E+11,3.45159E+11,3.37317E+11,3.39989E+11,3.39213E+11,3.39105E+11,3.441E+11,3.51205E+11,3.59202E+11,3.26169E+11,3.54398E+11,3.74753E+11,3.83493E+11,3.92205E+11
Grenada,GRD,"GDP, PPP (constant 2021 international $)",NY.GDP.MKTP.PP.KD,,,,,,,,,,,,,,,,,,,,,,,,,,,,,,,888554041.3,900865364.3,893197660,875701565.1,890532061.9,909495720.8,949861275.6,997501516.7,1114742887,1191641892,1249888777,1224592278,1266685476,1386564253,1377586939,1560477975,1498131758,1589869121,1604933809,1498795020,1491133987,1502537785,1485185905,1520104082,1631712008,1736879488,1801831902,1881809376,1963883370,1977169272,1705177564,1785107390,1915790471,2005444902,2079507172
Greenland,GRL,"GDP, PPP (constant 2021 international $)",NY.GDP.MKTP.PP.KD,,,,,,,,,,,,,,,,,,,,,,,,,,,,,,,2120448808,2118042849,2009774852,1908724727,2021804638,2097191213,2129270633,2160548051,2328162974,2360242370,2527857268,2559936664,2535075140,2647380127,2830223629,2971380800,3136461651,3210244966,3408192931,3437706257,3497378824,3480013660,3528531779,3482721532,3647876912,3555610504,3722082556,3724045143,3747248380,3853377109,3863040984,3926166709,4004868912,4039549554,
Guatemala,GTM,"GDP, PPP (constant 2021 international $)",NY.GDP.MKTP.PP.KD,,,,,,,,,,,,,,,,,,,,,,,,,,,,,,,68540699951,71048089250,74485636552,77410785780,80533336769,84518567194,87018440375,90816003383,95350925762,99019135174,1.02593E+11,1.04986E+11,1.09016E+11,1.11808E+11,1.15316E+11,1.19094E+11,1.25467E+11,1.33419E+11,1.37813E+11,1.3847E+11,1.42464E+11,1.48396E+11,1.5281E+11,1.58456E+11,1.65498E+11,1.72271E+11,1.76884E+11,1.82331E+11,1.88543E+11,1.96119E+11,1.92617E+11,2.08107E+11,2.16815E+11,2.24475E+11,2.32673E+11
Guam,GUM,"GDP, PPP (constant 2021 international $)",NY.GDP.MKTP.PP.KD,,,,,,,,,,,,,,,,,,,,,,,,,,,,,,,,,,,,,,,,,,,,,,,,,,,,,,,,,,,,,,,,,
Guyana,GUY,"GDP, PPP (constant 2021 international $)",NY.GDP.MKTP.PP.KD,,,,,,,,,,,,,,,,,,,,,,,,,,,,,,,3805285435,4035804534,4348897640,4704424610,5105826025,5362722933,5789355297,6147175989,6043958480,6222868826,6138001098,6277918163,6349023557,6308883418,6407513480,6282505609,6604773604,7079738477,7204003710,7464176914,7773077517,8176986179,8608431004,8922930074,9073414795,9135785864,9483626916,9837792161,10274679941,10824667122,15531194686,18646751961,30456604136,40749416890,58423257845
High income,HIC,"GDP, PPP (constant 2021 international $)",NY.GDP.MKTP.PP.KD,,,,,,,,,,,,,,,,,,,,,,,,,,,,,,,4.13425E+13,4.15077E+13,4.16702E+13,4.18654E+13,4.2747E+13,4.38239E+13,4.4982E+13,4.64907E+13,4.75677E+13,4.92637E+13,5.14874E+13,5.24082E+13,5.3356E+13,5.47232E+13,5.68073E+13,5.86275E+13,6.07673E+13,6.27726E+13,6.3456E+13,6.11835E+13,6.312E+13,6.46103E+13,6.56003E+13,6.66232E+13,6.80283E+13,6.94916E+13,7.07333E+13,7.25004E+13,7.42703E+13,7.57135E+13,7.27388E+13,7.70364E+13,7.93325E+13,8.07918E+13,8.24511E+13
"Hong Kong SAR, China",HKG,"GDP, PPP (constant 2021 international $)",NY.GDP.MKTP.PP.KD,,,,,,,,,,,,,,,,,,,,,,,,,,,,,,,1.80256E+11,1.90534E+11,2.02414E+11,2.14965E+11,2.27941E+11,2.33351E+11,2.43289E+11,2.55696E+11,2.40654E+11,2.46686E+11,2.65591E+11,2.67081E+11,2.71505E+11,2.79803E+11,3.04146E+11,3.26617E+11,3.49587E+11,3.72187E+11,3.80107E+11,3.7076E+11,3.95852E+11,4.14911E+11,4.21965E+11,4.35053E+11,4.47071E+11,4.57746E+11,4.67704E+11,4.85458E+11,4.99279E+11,4.90929E+11,4.58799E+11,4.88412E+11,4.7042E+11,4.85541E+11,4.9788E+11
Honduras,HND,"GDP, PPP (constant 2021 international $)",NY.GDP.MKTP.PP.KD,,,,,,,,,,,,,,,,,,,,,,,,,,,,,,,22048820695,21316952332,22611677482,24080468333,24131495688,25625067450,26104455137,27304759668,28285064169,28076984787,30124158655,30944497717,32106258710,33566142511,35658086204,37815614091,40299057569,42792895096,44603719292,43519122819,45142882368,46874423691,48809722279,50172274844,51706583429,53692157583,55782378350,58483870910,60732572688,62287104478,56703014341,63827909343,66472658302,68849619261,71296514098
Heavily indebted poor countries (HIPC),HPC,"GDP, PPP (constant 2021 international $)",NY.GDP.MKTP.PP.KD,,,,,,,,,,,,,,,,,,,,,,,,,,,,,,,7.86859E+11,7.91817E+11,7.84331E+11,7.8847E+11,7.8796E+11,8.26449E+11,8.68693E+11,9.16849E+11,9.49528E+11,9.79822E+11,1.00937E+12,1.0454E+12,1.08906E+12,1.13466E+12,1.20003E+12,1.26962E+12,1.34469E+12,1.41891E+12,1.49971E+12,1.5571E+12,1.6565E+12,1.73082E+12,1.79958E+12,1.90131E+12,2.00815E+12,2.10337E+12,2.19898E+12,2.3091E+12,2.4062E+12,2.51334E+12,2.51702E+12,2.61032E+12,2.73049E+12,2.81803E+12,2.96048E+12
Croatia,HRV,"GDP, PPP (constant 2021 international $)",NY.GDP.MKTP.PP.KD,,,,,,,,,,,,,,,,,,,,,,,,,,,,,,,1.11789E+11,88214151476,77881371643,71630938389,75836014468,80961374077,85907288976,91206042621,93259708883,92468219030,95191642020,98153277589,1.03849E+11,1.09632E+11,1.14204E+11,1.19146E+11,1.252E+11,1.31522E+11,1.34111E+11,1.24973E+11,1.23305E+11,1.23185E+11,1.20408E+11,1.20257E+11,1.19587E+11,1.22366E+11,1.26601E+11,1.30755E+11,1.34553E+11,1.38724E+11,1.27194E+11,1.43261E+11,1.53702E+11,1.58778E+11,1.64835E+11
Haiti,HTI,"GDP, PPP (constant 2021 international $)",NY.GDP.MKTP.PP.KD,,,,,,,,,,,,,,,,,,,,,,,,,,,,,,,27050130484,27558820285,26095465414,24679448220,21730098851,23880880473,24869733602,25542388751,26099682890,26807049026,27040286239,26947606230,27231046578,28178899328,27807541798,28661837694,29168794121,30541632150,31353438600,33200274947,31323957579,32920919826,33086322561,34517234584,35514358967,36011559996,36664258025,37584630388,38211470971,37553050262,36311732132,35658760080,35058985452,34405526560,32970942041
Hungary,HUN,"GDP, PPP (constant 2021 international $)",NY.GDP.MKTP.PP.KD,,,,,,,,,,,,,,,,,,,,,,,,,,,,,,,2.20935E+11,1.94661E+11,1.88696E+11,1.87609E+11,1.93138E+11,1.96015E+11,1.96214E+11,2.02057E+11,2.09832E+11,2.16308E+11,2.25845E+11,2.35019E+11,2.46136E+11,2.55831E+11,2.68528E+11,2.80075E+11,2.91093E+11,2.92061E+11,2.94962E+11,2.75081E+11,2.78019E+11,2.83348E+11,2.79552E+11,2.85233E+11,2.97596E+11,3.08488E+11,3.16011E+11,3.29044E+11,3.4749E+11,3.65133E+11,3.49291E+11,3.7452E+11,3.90513E+11,3.87223E+11,3.89207E+11
IBRD only,IBD,"GDP, PPP (constant 2021 international $)",NY.GDP.MKTP.PP.KD,,,,,,,,,,,,,,,,,,,,,,,,,,,,,,,2.15062E+13,2.14751E+13,2.14196E+13,2.18442E+13,2.22237E+13,2.29769E+13,2.408E+13,2.52138E+13,2.57073E+13,2.67163E+13,2.82898E+13,2.93336E+13,3.06407E+13,3.24448E+13,3.48984E+13,3.72953E+13,4.02654E+13,4.36718E+13,4.60574E+13,4.69735E+13,5.04185E+13,5.34081E+13,5.61245E+13,5.88624E+13,6.15141E+13,6.40132E+13,6.68858E+13,7.0245E+13,7.3633E+13,7.64572E+13,7.49875E+13,8.05091E+13,8.35536E+13,8.77192E+13,9.15701E+13
IDA & IBRD total,IBT,"GDP, PPP (constant 2021 international $)",NY.GDP.MKTP.PP.KD,,,,,,,,,,,,,,,,,,,,,,,,,,,,,,,2.38248E+13,2.38397E+13,2.38369E+13,2.42896E+13,2.46966E+13,2.55452E+13,2.67757E+13,2.80133E+13,2.86058E+13,2.97022E+13,3.13957E+13,3.25637E+13,3.40367E+13,3.60162E+13,3.87118E+13,4.13528E+13,4.45786E+13,4.82487E+13,5.08689E+13,5.20271E+13,5.57757E+13,5.90292E+13,6.19441E+13,6.49577E+13,6.79391E+13,7.07284E+13,7.38718E+13,7.75451E+13,8.12791E+13,8.44311E+13,8.29074E+13,8.87735E+13,9.21833E+13,9.66097E+13,1.00839E+14
IDA total,IDA,"GDP, PPP (constant 2021 international $)",NY.GDP.MKTP.PP.KD,,,,,,,,,,,,,,,,,,,,,,,,,,,,,,,2.32564E+12,2.3728E+12,2.42662E+12,2.45448E+12,2.48191E+12,2.57784E+12,2.70571E+12,2.80951E+12,2.90982E+12,2.99694E+12,3.11627E+12,3.24102E+12,3.40765E+12,3.58332E+12,3.826E+12,4.07065E+12,4.32641E+12,4.58987E+12,4.82489E+12,5.06897E+12,5.37291E+12,5.6371E+12,5.83539E+12,6.11169E+12,6.44278E+12,6.73407E+12,7.00537E+12,7.31995E+12,7.66699E+12,7.99591E+12,7.94263E+12,8.28612E+12,8.65279E+12,8.91284E+12,9.29208E+12
IDA blend,IDB,"GDP, PPP (constant 2021 international $)",NY.GDP.MKTP.PP.KD,,,,,,,,,,,,,,,,,,,,,,,,,,,,,,,1.12398E+12,1.14752E+12,1.18187E+12,1.17961E+12,1.19359E+12,1.22613E+12,1.28444E+12,1.31509E+12,1.35271E+12,1.3825E+12,1.4319E+12,1.48765E+12,1.57205E+12,1.64229E+12,1.76269E+12,1.86912E+12,1.97659E+12,2.08009E+12,2.1613E+12,2.2814E+12,2.40654E+12,2.50316E+12,2.6142E+12,2.75812E+12,2.91149E+12,3.02614E+12,3.11026E+12,3.20316E+12,3.33667E+12,3.43916E+12,3.39433E+12,3.58041E+12,3.73837E+12,3.83365E+12,3.9814E+12
Indonesia,IDN,"GDP, PPP (constant 2021 international $)",NY.GDP.MKTP.PP.KD,,,,,,,,,,,,,,,,,,,,,,,,,,,,,,,8.94211E+11,9.56018E+11,1.01814E+12,1.08428E+12,1.16603E+12,1.26188E+12,1.36054E+12,1.42448E+12,1.23749E+12,1.24728E+12,1.30865E+12,1.35633E+12,1.41736E+12,1.48511E+12,1.55983E+12,1.64862E+12,1.73931E+12,1.84967E+12,1.9609E+12,2.05167E+12,2.17936E+12,2.31383E+12,2.45335E+12,2.58969E+12,2.71935E+12,2.85195E+12,2.99549E+12,3.14736E+12,3.31021E+12,3.47636E+12,3.40456E+12,3.53062E+12,3.718E+12,3.90572E+12,4.10219E+12
IDA only,IDX,"GDP, PPP (constant 2021 international $)",NY.GDP.MKTP.PP.KD,,,,,,,,,,,,,,,,,,,,,,,,,,,,,,,1.20258E+12,1.22615E+12,1.24503E+12,1.27633E+12,1.28973E+12,1.3542E+12,1.42408E+12,1.49872E+12,1.56226E+12,1.62055E+12,1.69114E+12,1.76051E+12,1.84269E+12,1.94905E+12,2.07138E+12,2.21045E+12,2.35984E+12,2.5213E+12,2.67705E+12,2.80119E+12,2.98136E+12,3.15071E+12,3.23745E+12,3.36964E+12,3.54804E+12,3.72623E+12,3.91591E+12,4.14068E+12,4.35619E+12,4.58563E+12,4.57799E+12,4.73487E+12,4.94489E+12,5.11136E+12,5.34561E+12
Isle of Man,IMN,"GDP, PPP (constant 2021 international $)",NY.GDP.MKTP.PP.KD,,,,,,,,,,,,,,,,,,,,,,,,,,,,,,,,,,,,,,,,,,,,,,,,,,,,,,,,,,,,,,,,,
India,IND,"GDP, PPP (constant 2021 international $)",NY.GDP.MKTP.PP.KD,,,,,,,,,,,,,,,,,,,,,,,,,,,,,,,1.90566E+12,1.9258E+12,2.03138E+12,2.12789E+12,2.26958E+12,2.44149E+12,2.62581E+12,2.73215E+12,2.90112E+12,3.15775E+12,3.27903E+12,3.43721E+12,3.56796E+12,3.84842E+12,4.15333E+12,4.48241E+12,4.84373E+12,5.2148E+12,5.37576E+12,5.7984E+12,6.29112E+12,6.62086E+12,6.98212E+12,7.42801E+12,7.97844E+12,8.61642E+12,9.32781E+12,9.96168E+12,1.06046E+13,1.10151E+13,1.03787E+13,1.13844E+13,1.22506E+13,1.33766E+13,1.42439E+13
Not classified,INX,"GDP, PPP (constant 2021 international $)",NY.GDP.MKTP.PP.KD,,,,,,,,,,,,,,,,,,,,,,,,,,,,,,,,,,,,,,,,,,,,,,,,,,,,,,,,,,,,,,,,,
Ireland,IRL,"GDP, PPP (constant 2021 international $)",NY.GDP.MKTP.PP.KD,,,,,,,,,,,,,,,,,,,,,,,,,,,,,,,1.03992E+11,1.05999E+11,1.09543E+11,1.12492E+11,1.18967E+11,1.30429E+11,1.40054E+11,1.55491E+11,1.69121E+11,1.86929E+11,2.04507E+11,2.15358E+11,2.28063E+11,2.34936E+11,2.50884E+11,2.65284E+11,2.78516E+11,2.93306E+11,2.80154E+11,2.65878E+11,2.70352E+11,2.7481E+11,2.73714E+11,2.79714E+11,3.05828E+11,3.81109E+11,3.85769E+11,4.24537E+11,4.56566E+11,4.79579E+11,5.13907E+11,5.97446E+11,6.48943E+11,6.13056E+11,6.20544E+11
"Iran, Islamic Rep.",IRN,"GDP, PPP (constant 2021 international $)",NY.GDP.MKTP.PP.KD,,,,,,,,,,,,,,,,,,,,,,,,,,,,,,,5.2814E+11,5.953E+11,6.14932E+11,6.05887E+11,5.95597E+11,6.09898E+11,6.48629E+11,6.57388E+11,6.71062E+11,6.84501E+11,7.24514E+11,7.41846E+11,8.01778E+11,8.71046E+11,9.08821E+11,9.3781E+11,9.84699E+11,1.06501E+12,1.06768E+12,1.07844E+12,1.14096E+12,1.17115E+12,1.12726E+12,1.11011E+12,1.16544E+12,1.14884E+12,1.25011E+12,1.28459E+12,1.26098E+12,1.22226E+12,1.26297E+12,1.32258E+12,1.37253E+12,1.44177E+12,1.4856E+12
Iraq,IRQ,"GDP, PPP (constant 2021 international $)",NY.GDP.MKTP.PP.KD,,,,,,,,,,,,,,,,,,,,,,,,,,,,,,,1.88736E+11,67856016583,89971792817,1.17224E+11,1.21743E+11,1.24324E+11,1.38025E+11,1.67339E+11,2.25909E+11,2.65624E+11,3.10238E+11,3.15719E+11,2.89818E+11,1.8358E+11,2.81586E+11,2.86303E+11,3.02445E+11,3.08157E+11,3.33513E+11,3.44783E+11,3.66858E+11,3.94543E+11,4.49528E+11,4.8382E+11,4.94772E+11,5.07669E+11,5.77663E+11,5.67151E+11,5.82089E+11,6.14185E+11,5.40256E+11,5.48372E+11,5.92017E+11,5.95082E+11,5.85887E+11
Iceland,ISL,"GDP, PPP (constant 2021 international $)",NY.GDP.MKTP.PP.KD,,,,,,,,,,,,,,,,,,,,,,,,,,,,,,,10222792389,10199941837,9855806596,9985257637,10345611400,10357672697,10830720405,11455827611,12299365197,12795635966,13433503890,13972657239,14050836924,14351902574,15471695342,16419249894,17456452764,18932371424,19350681492,17867682121,17361530903,17681986420,17870058499,18683585815,18998818084,19841731757,21092492447,21977311704,23051820494,23480855893,21851178110,22951036649,25011803540,26424085477,26560661830
Israel,ISR,"GDP, PPP (constant 2021 international $)",NY.GDP.MKTP.PP.KD,,,,,,,,,,,,,,,,,,,,,,,,,,,,,,,1.18062E+11,1.27184E+11,1.37053E+11,1.42695E+11,1.53294E+11,1.63416E+11,1.72958E+11,1.79206E+11,1.86575E+11,1.92727E+11,2.09267E+11,2.09848E+11,2.09567E+11,2.12604E+11,2.22485E+11,2.32248E+11,2.45257E+11,2.60766E+11,2.69168E+11,2.725E+11,2.87581E+11,3.03452E+11,3.10878E+11,3.23579E+11,3.35797E+11,3.43311E+11,3.58622E+11,3.74211E+11,3.89194E+11,4.03635E+11,3.95475E+11,4.32603E+11,4.59698E+11,4.68095E+11,4.72177E+11
Italy,ITA,"GDP, PPP (constant 2021 international $)",NY.GDP.MKTP.PP.KD,,,,,,,,,,,,,,,,,,,,,,,,,,,,,,,2.41946E+12,2.45668E+12,2.47718E+12,2.45605E+12,2.50888E+12,2.58131E+12,2.61604E+12,2.66642E+12,2.71453E+12,2.76008E+12,2.86723E+12,2.92476E+12,2.93265E+12,2.93461E+12,2.97786E+12,3.00057E+12,3.05456E+12,3.09923E+12,3.06752E+12,2.90478E+12,2.9492E+12,2.96971E+12,2.8769E+12,2.8246E+12,2.82456E+12,2.84957E+12,2.8848E+12,2.93106E+12,2.95529E+12,2.96798E+12,2.70477E+12,2.94633E+12,3.08838E+12,3.11047E+12,3.13305E+12
Jamaica,JAM,"GDP, PPP (constant 2021 international $)",NY.GDP.MKTP.PP.KD,,,,,,,,,,,,,,,,,,,,,,,,,,,,,,,20805277769,21811886781,22238427498,24332643025,24669258327,25248975300,25220259336,24932632398,24350566745,24605681270,24821892265,25155729232,25658162334,26598872054,26950967999,27191855195,27980181162,28380844496,28150466764,26927244009,26534874424,26994027594,26828382512,26967269296,27153295548,27403509671,27780369056,28057373523,28587636470,28842721564,25981430581,27176946494,28595996150,29340825497,29129921615
Jordan,JOR,"GDP, PPP (constant 2021 international $)",NY.GDP.MKTP.PP.KD,,,,,,,,,,,,,,,,,,,,,,,,,,,,,,,27489630061,27931809302,31939961386,33373104190,35032240288,37204545523,37981012120,39237604556,40419508965,41789540668,43563804178,45859598177,48512029251,50530938633,54860032404,59329256957,64130759056,69374198907,74383284112,78120084648,79928435101,82116220150,84111117114,86306373008,89227048075,91454627021,93278397679,95585730403,97420088352,99126148666,98033033195,1.01617E+11,1.04307E+11,1.07315E+11,1.09986E+11
Japan,JPN,"GDP, PPP (constant 2021 international $)",NY.GDP.MKTP.PP.KD,,,,,,,,,,,,,,,,,,,,,,,,,,,,,,,4.35537E+12,4.50882E+12,4.54943E+12,4.52854E+12,4.5776E+12,4.69803E+12,4.84527E+12,4.89281E+12,4.83065E+12,4.81452E+12,4.94763E+12,4.96673E+12,4.96881E+12,5.04509E+12,5.15538E+12,5.24838E+12,5.32041E+12,5.39936E+12,5.33326E+12,5.02962E+12,5.23573E+12,5.23698E+12,5.30897E+12,5.41542E+12,5.43146E+12,5.51623E+12,5.55781E+12,5.65092E+12,5.68728E+12,5.66441E+12,5.42827E+12,5.57465E+12,5.62716E+12,5.71017E+12,5.71495E+12
Kazakhstan,KAZ,"GDP, PPP (constant 2021 international $)",NY.GDP.MKTP.PP.KD,,,,,,,,,,,,,,,,,,,,,,,,,,,,,,,2.88835E+11,2.57063E+11,2.43439E+11,2.21042E+11,1.93191E+11,1.77349E+11,1.78236E+11,1.81266E+11,1.77822E+11,1.82623E+11,2.0052E+11,2.2759E+11,2.49894E+11,2.73134E+11,2.99355E+11,3.28393E+11,3.63531E+11,3.95885E+11,4.08949E+11,4.13857E+11,4.44068E+11,4.76929E+11,4.99822E+11,5.29811E+11,5.52063E+11,5.58688E+11,5.64834E+11,5.87992E+11,6.12099E+11,6.39644E+11,6.23653E+11,6.5047E+11,6.71285E+11,7.0552E+11,7.39385E+11
Kenya,KEN,"GDP, PPP (constant 2021 international $)",NY.GDP.MKTP.PP.KD,,,,,,,,,,,,,,,,,,,,,,,,,,,,,,,95633729813,97009274498,96233691209,96573585966,99116160385,1.03483E+11,1.07775E+11,1.08287E+11,1.11849E+11,1.14428E+11,1.15114E+11,1.19465E+11,1.20119E+11,1.23641E+11,1.29952E+11,1.37628E+11,1.46536E+11,1.56575E+11,1.56938E+11,1.62128E+11,1.75193E+11,1.84165E+11,1.92579E+11,1.99893E+11,2.09928E+11,2.20356E+11,2.29641E+11,2.38455E+11,2.51923E+11,2.64806E+11,2.64084E+11,2.84129E+11,2.97938E+11,3.14491E+11,3.28632E+11
Kyrgyz Republic,KGZ,"GDP, PPP (constant 2021 international $)",NY.GDP.MKTP.PP.KD,,,,,,,,,,,,,,,,,,,,,,,,,,,,,,,26767574230,24641178145,21231371882,17949144416,14344030250,13566035593,14527121709,15967522710,16306327241,16902452224,17822509598,18770956085,18767704089,20087128713,21498613569,21460880191,22126789572,24017053497,26034874118,26786317277,26660001953,28247944797,28223044177,31303721942,32563395806,33825496187,35292120966,36964945345,38354054773,40118581257,37250512879,39301901464,42826301522,46686361488,50906871855
Cambodia,KHM,"GDP, PPP (constant 2021 international $)",NY.GDP.MKTP.PP.KD,,,,,,,,,,,,,,,,,,,,,,,,,,,,,,,19514316432,20995706333,22469088082,23389954629,15248229813,16758333510,17746657168,18457698475,19321820013,21776730888,23953005981,25723063815,27334632491,30145638983,32996721517,37386385535,41477712321,45790754858,49214239315,51219610561,53819988410,57741666976,62159052653,67043200063,72406871106,77625259450,83761925238,90525733498,98470474432,1.06286E+11,1.02507E+11,1.05674E+11,1.11095E+11,1.16658E+11,1.23676E+11
Kiribati,KIR,"GDP, PPP (constant 2021 international $)",NY.GDP.MKTP.PP.KD,,,,,,,,,,,,,,,,,,,,,,,,,,,,,,,165694553.1,156334991.5,193791656.7,193590123.6,197549538.3,202986513.1,202880865.2,205269043,214387656.3,205996026.3,219885648.9,212972160,216054197.2,212650334.8,211355363.2,214086983.9,226454648.8,233373019,226407461.7,227622819.7,230413366.1,237933429.8,251742276.5,271204275.3,274631382.5,305569489.1,327228360.4,339496537.2,351309114.6,362776854.3,357451046.4,387761958.2,405468433,416221499.9,438143467.1
St. Kitts and Nevis,KNA,"GDP, PPP (constant 2021 international $)",NY.GDP.MKTP.PP.KD,,,,,,,,,,,,,,,,,,,,,,,,,,,,,,,579230492.4,568429644.3,592695757.1,633010622.7,666571067.4,702453538.9,743496761.4,794232733.4,790366839.1,815815753.6,897746566.8,944909232.2,957832898.2,920157548.2,956930233.7,1050066538,1083147636,1089653046,1212969472,1171671013,1171036035,1189967090,1181189455,1248839493,1343463637,1352789095,1405990275,1409096686,1437328298,1479560547,1253159832,1257766534,1387849831,1447923712,1464812876
"Korea, Rep.",KOR,"GDP, PPP (constant 2021 international $)",NY.GDP.MKTP.PP.KD,,,,,,,,,,,,,,,,,,,,,,,,,,,,,,,5.9331E+11,6.57258E+11,6.97999E+11,7.46003E+11,8.15148E+11,8.93521E+11,9.64026E+11,1.02351E+12,9.71011E+11,1.08236E+12,1.18043E+12,1.23771E+12,1.33332E+12,1.37528E+12,1.44676E+12,1.5091E+12,1.58854E+12,1.68067E+12,1.73131E+12,1.74503E+12,1.86378E+12,1.93247E+12,1.9789E+12,2.04153E+12,2.1069E+12,2.16609E+12,2.22992E+12,2.30038E+12,2.36726E+12,2.42038E+12,2.40321E+12,2.50666E+12,2.57215E+12,2.60705E+12,
Kuwait,KWT,"GDP, PPP (constant 2021 international $)",NY.GDP.MKTP.PP.KD,,,,,,,,,,,,,,,,,,,,,,,,,,,,,,,65594963015,38695917893,70739747861,94784518907,1.02781E+11,1.07774E+11,1.08426E+11,1.11108E+11,1.15177E+11,1.13116E+11,1.18427E+11,1.18679E+11,1.22257E+11,1.43439E+11,1.58127E+11,1.74903E+11,1.88047E+11,1.99314E+11,2.04256E+11,1.89803E+11,1.85304E+11,2.03146E+11,2.16606E+11,2.19096E+11,2.20193E+11,2.21498E+11,2.2798E+11,2.17237E+11,2.23196E+11,2.28249E+11,2.17253E+11,2.20886E+11,2.35815E+11,2.31884E+11,2.25947E+11
Latin America & Caribbean (excluding high income),LAC,"GDP, PPP (constant 2021 international $)",NY.GDP.MKTP.PP.KD,,,,,,,,,,,,,,,,,,,,,,,,,,,,,,,4.83421E+12,4.98526E+12,5.10652E+12,5.34429E+12,5.62888E+12,5.65452E+12,5.87093E+12,6.18295E+12,6.35603E+12,6.38045E+12,6.60776E+12,6.61709E+12,6.64278E+12,6.80166E+12,7.15795E+12,7.43771E+12,7.82162E+12,8.23449E+12,8.54086E+12,8.33507E+12,8.89285E+12,9.29396E+12,9.5175E+12,9.78907E+12,9.92715E+12,9.96196E+12,9.92399E+12,1.01242E+13,1.02871E+13,1.03587E+13,9.68572E+12,1.03769E+13,1.07875E+13,1.1028E+13,1.12506E+13
Lao PDR,LAO,"GDP, PPP (constant 2021 international $)",NY.GDP.MKTP.PP.KD,,,,,,,,,,,,,,,,,,,,,,,,,,,,,,,8647627883,9019178718,9520632227,10083544992,10906263296,11673110406,12481861284,13339626184,13868890272,14882203552,15745190142,16650761036,17636276903,18706270229,19895557925,21309648307,23146383623,24904774760,26853549169,28868041983,31329592648,33848069787,36564749186,39499545733,42506236713,45596468110,48798633404,52162094276,55421161066,58445901222,58739902708,60225053628,61855602706,64172516512,66905147347
Lebanon,LBN,"GDP, PPP (constant 2021 international $)",NY.GDP.MKTP.PP.KD,,,,,,,,,,,,,,,,,,,,,,,,,,,,,,,19218051454,28720874228,33442110823,37042378048,40044752423,42627183473,47438059997,47938515718,49695809291,49434615753,50097964832,52021560996,53802336972,55538591257,59248260701,60839538229,61782256000,67534568644,73659365300,81196306155,87671821639,88432234311,90700336595,94172230743,96511525557,96957718407,98464974045,99354140787,97481607577,90740827789,71322381663,66328931530,65916578511,65415227251,
Liberia,LBR,"GDP, PPP (constant 2021 international $)",NY.GDP.MKTP.PP.KD,,,,,,,,,,,,,,,,,,,,,,,,,,,,,,,4150264277,3559880300,2310872164,1548852934,1211786194,1160088911,1300705651,2683093204,3493605416,4253165779,5470248902,5629995201,5841852912,4080818598,4187729797,4408892705,4763540065,5217756727,5590601506,5886933603,6246026265,6758248402,7298490240,7932531093,7988169319,7986686317,7862496650,8055533202,8148782051,7947727344,7710687069,8095196891,8484422471,8881812193,9307509886
Libya,LBY,"GDP, PPP (constant 2021 international $)",NY.GDP.MKTP.PP.KD,,,,,,,,,,,,,,,,,,,,,,,,,,,,,,,80555801700,93166918530,90639976348,87229019426,88916714929,86942402006,88797859978,93426600293,90107858791,90783360696,94123526022,92464279919,91577642405,1.03497E+11,1.08115E+11,1.20949E+11,1.28812E+11,1.36836E+11,1.36615E+11,1.30603E+11,1.37169E+11,68120248022,1.27267E+11,1.04361E+11,80313610359,79636842700,78449504268,1.03939E+11,1.12193E+11,99632092392,70285163941,90199384483,82756464976,91161061089,90608777729
St. Lucia,LCA,"GDP, PPP (constant 2021 international $)",NY.GDP.MKTP.PP.KD,,,,,,,,,,,,,,,,,,,,,,,,,,,,,,,2374193749,2383113073,2572643852,2587647504,2629012606,2674973685,2753152144,2734041685,2905916428,2983521934,2984976358,2883246455,2895253749,3018725073,3238108166,3224822056,3424608079,3482539385,3654901471,3551507980,3563228615,3717407479,3713364570,3645826785,3694246654,3698011750,3824774865,3954045607,4068190166,4039699719,3055569354,3409978231,4105219705,4195940248,4359235763
Latin America & Caribbean,LCN,"GDP, PPP (constant 2021 international $)",NY.GDP.MKTP.PP.KD,,,,,,,,,,,,,,,,,,,,,,,,,,,,,,,5.49001E+12,5.6689E+12,5.83205E+12,6.1064E+12,6.42917E+12,6.48434E+12,6.73523E+12,7.10082E+12,7.31353E+12,7.3525E+12,7.61561E+12,7.6457E+12,7.68491E+12,7.87647E+12,8.29993E+12,8.62534E+12,9.06873E+12,9.54307E+12,9.89533E+12,9.67077E+12,1.0297E+13,1.07636E+13,1.10477E+13,1.13639E+13,1.15307E+13,1.15874E+13,1.15638E+13,1.17894E+13,1.19856E+13,1.20764E+13,1.12823E+13,1.21113E+13,1.2602E+13,1.2891E+13,1.3181E+13
Least developed countries: UN classification,LDC,"GDP, PPP (constant 2021 international $)",NY.GDP.MKTP.PP.KD,,,,,,,,,,,,,,,,,,,,,,,,,,,,,,,9.88929E+11,1.00599E+12,1.01116E+12,1.01122E+12,1.0166E+12,1.07472E+12,1.13535E+12,1.19628E+12,1.24388E+12,1.29746E+12,1.35628E+12,1.42438E+12,1.50374E+12,1.58559E+12,1.6917E+12,1.82294E+12,1.95647E+12,2.10774E+12,2.25035E+12,2.3532E+12,2.50191E+12,2.62853E+12,2.75769E+12,2.91728E+12,3.09311E+12,3.25504E+12,3.41369E+12,3.59413E+12,3.77895E+12,3.98728E+12,3.99059E+12,4.09882E+12,4.30403E+12,4.44822E+12,4.62739E+12
Low income,LIC,"GDP, PPP (constant 2021 international $)",NY.GDP.MKTP.PP.KD,,,,,,,,,,,,,,,,,,,,,,,,,,,,,,,4.98315E+11,5.09056E+11,5.13698E+11,5.14202E+11,5.19196E+11,5.45052E+11,5.76911E+11,6.15452E+11,6.45045E+11,6.53614E+11,6.6695E+11,6.89415E+11,7.29231E+11,7.76711E+11,8.23992E+11,8.77574E+11,9.29275E+11,9.87261E+11,1.03938E+12,1.08E+12,1.1488E+12,1.18167E+12,1.11679E+12,1.10412E+12,1.13559E+12,1.16907E+12,1.19757E+12,1.23064E+12,1.26837E+12,1.31159E+12,1.30202E+12,1.31096E+12,1.35547E+12,1.34995E+12,1.39168E+12
Liechtenstein,LIE,"GDP, PPP (constant 2021 international $)",NY.GDP.MKTP.PP.KD,,,,,,,,,,,,,,,,,,,,,,,,,,,,,,,,,,,,,,,,,,,,,,,,,,,,,,,,,,,,,,,,,
Sri Lanka,LKA,"GDP, PPP (constant 2021 international $)",NY.GDP.MKTP.PP.KD,,,,,,,,,,,,,,,,,,,,,,,,,,,,,,,74593031180,78024301099,81457363522,87077973128,91954268850,97011832013,1.00698E+11,1.07148E+11,1.12183E+11,1.17007E+11,1.24028E+11,1.22111E+11,1.26952E+11,1.34493E+11,1.41817E+11,1.50669E+11,1.62222E+11,1.73248E+11,1.83557E+11,1.90053E+11,2.05287E+11,2.23084E+11,2.42341E+11,2.52161E+11,2.68243E+11,2.79525E+11,2.93652E+11,3.12624E+11,3.19845E+11,3.1914E+11,3.04382E+11,3.17188E+11,2.93878E+11,2.87031E+11,3.01407E+11
Lower middle income,LMC,"GDP, PPP (constant 2021 international $)",NY.GDP.MKTP.PP.KD,,,,,,,,,,,,,,,,,,,,,,,,,,,,,,,4.96461E+12,5.06189E+12,5.26249E+12,5.40367E+12,5.63804E+12,5.95061E+12,6.33303E+12,6.59197E+12,6.90931E+12,7.31677E+12,7.63353E+12,7.97091E+12,8.31064E+12,8.81996E+12,9.44599E+12,1.00943E+13,1.08172E+13,1.15744E+13,1.20908E+13,1.28276E+13,1.37176E+13,1.43749E+13,1.51206E+13,1.59805E+13,1.69762E+13,1.8037E+13,1.91487E+13,2.02465E+13,2.14025E+13,2.23051E+13,2.1516E+13,2.30059E+13,2.44769E+13,2.60405E+13,2.7429E+13
Low & middle income,LMY,"GDP, PPP (constant 2021 international $)",NY.GDP.MKTP.PP.KD,,,,,,,,,,,,,,,,,,,,,,,,,,,,,,,1.78439E+13,1.81879E+13,1.8808E+13,1.95339E+13,2.02897E+13,2.11613E+13,2.24061E+13,2.35623E+13,2.42475E+13,2.51502E+13,2.64958E+13,2.74577E+13,2.87183E+13,3.03819E+13,3.2682E+13,3.49698E+13,3.77004E+13,4.08247E+13,4.30455E+13,4.45977E+13,4.80569E+13,5.09517E+13,5.35685E+13,5.6422E+13,5.9242E+13,6.2004E+13,6.50234E+13,6.84202E+13,7.18102E+13,7.46896E+13,7.34472E+13,7.86874E+13,8.19668E+13,8.60518E+13,8.98565E+13
Lesotho,LSO,"GDP, PPP (constant 2021 international $)",NY.GDP.MKTP.PP.KD,,,,,,,,,,,,,,,,,,,,,,,,,,,,,,,2573660196,2752956995,2944462730,3047806487,3230061460,3336360784,3523098100,3653579683,3709759166,3727418549,3871876398,4009776445,4038800653,4222960963,4294429264,4443279431,4631234382,4825186500,5091701800,5027864191,5292816082,5537154381,5887882377,5993424173,6095944685,6286386068,6513255915,6308858550,6215447498,6127312836,5627571726,5755132494,5892552409,6000187259,6165926723
Late-demographic dividend,LTE,"GDP, PPP (constant 2021 international $)",NY.GDP.MKTP.PP.KD,,,,,,,,,,,,,,,,,,,,,,,,,,,,,,,1.22363E+13,1.21391E+13,1.18815E+13,1.21413E+13,1.23878E+13,1.29399E+13,1.34751E+13,1.41229E+13,1.4353E+13,1.50003E+13,1.60608E+13,1.68639E+13,1.78426E+13,1.90491E+13,2.05629E+13,2.20932E+13,2.40757E+13,2.6431E+13,2.81895E+13,2.88765E+13,3.10483E+13,3.31294E+13,3.4979E+13,3.67887E+13,3.85426E+13,4.00804E+13,4.16856E+13,4.37672E+13,4.60424E+13,4.81128E+13,4.80067E+13,5.14728E+13,5.30713E+13,5.5334E+13,5.77849E+13
Lithuania,LTU,"GDP, PPP (constant 2021 international $)",NY.GDP.MKTP.PP.KD,,,,,,,,,,,,,,,,,,,,,,,,,,,,,,,76124535263,71803963183,56539179787,47364644893,42738989025,44145136034,46364287199,50212815305,53960166152,53368218715,55192676416,58771439458,62720785832,69339017900,73847465363,79556942830,85440561600,94905605717,97372640442,82923892338,83278142847,88544350008,92425165498,96165531708,99793418508,1.0262E+11,1.05362E+11,1.10222E+11,1.15643E+11,1.21052E+11,1.21104E+11,1.2883E+11,1.32099E+11,1.32552E+11,1.36227E+11
Luxembourg,LUX,"GDP, PPP (constant 2021 international $)",NY.GDP.MKTP.PP.KD,,,,,,,,,,,,,,,,,,,,,,,,,,,,,,,31101901073,33790408718,34405276895,35850521112,37220341448,37753411251,38281232444,40356010486,43049577614,46568958870,49799973664,51331001899,52986641183,54374561930,56675633192,58082818311,61577496185,66564452690,66364642428,64215122127,66629876919,67325691759,68436499780,70607161768,72459248902,74103917509,77792951405,78817630155,80087615173,82289479426,81869760592,87543117439,86584473457,85983895212,86870919446
Latvia,LVA,"GDP, PPP (constant 2021 international $)",NY.GDP.MKTP.PP.KD,,,,,,,,,,,,,,,,,,,,,,,,,,,,,,,46628541795,40755573537,27665465933,26286901342,26862561293,26608774388,27220765832,29717311930,31663796648,32556210536,34457827396,36684002304,39496010020,42825181065,46561739532,51970033578,58635199659,64741784386,62547868754,52515178389,50592461907,52128623506,55936744860,57109229533,58305644917,60511561517,62055626572,64164865501,66930186963,67382215222,65044572876,69560319492,70817115854,72838390722,72516087307
"Macao SAR, China",MAC,"GDP, PPP (constant 2021 international $)",NY.GDP.MKTP.PP.KD,,,,,,,,,,,,,,,,,,,,,,,,,,,,,,,18503630764,19180755195,21731643041,22858640455,23830921688,24616270280,24513254768,24444770673,23327418907,22777231193,24086145512,24781789585,26990064045,30131844236,38156251018,41237456545,46759396629,53528518889,55343829684,56049119404,70130220947,85289898756,93172514524,1.03191E+11,1.01078E+11,79331396682,78792590832,86561580877,92106091775,89745030264,40981075244,50626336573,40698843608,71248151453,77523802405
St. Martin (French part),MAF,"GDP, PPP (constant 2021 international $)",NY.GDP.MKTP.PP.KD,,,,,,,,,,,,,,,,,,,,,,,,,,,,,,,,,,,,,,,,,,,,,,,,,,,,,,,,,,,,,,,,,
Morocco,MAR,"GDP, PPP (constant 2021 international $)",NY.GDP.MKTP.PP.KD,,,,,,,,,,,,,,,,,,,,,,,,,,,,,,,1.08501E+11,1.1633E+11,1.1389E+11,1.13046E+11,1.25016E+11,1.18258E+11,1.3289E+11,1.30816E+11,1.40285E+11,1.42666E+11,1.4635E+11,1.57651E+11,1.63531E+11,1.73623E+11,1.8156E+11,1.87356E+11,2.01952E+11,2.08902E+11,2.20777E+11,2.29047E+11,2.37062E+11,2.50159E+11,2.5782E+11,2.68448E+11,2.75747E+11,2.87727E+11,2.89227E+11,3.03856E+11,3.13171E+11,3.22225E+11,2.99095E+11,3.23485E+11,3.28425E+11,3.39603E+11,3.50594E+11
Monaco,MCO,"GDP, PPP (constant 2021 international $)",NY.GDP.MKTP.PP.KD,,,,,,,,,,,,,,,,,,,,,,,,,,,,,,,,,,,,,,,,,,,,,,,,,,,,,,,,,,,,,,,,,
Moldova,MDA,"GDP, PPP (constant 2021 international $)",NY.GDP.MKTP.PP.KD,,,,,,,,,,,,,,,,,,,,,,,,,,,,,,,47357419840,39780232537,28204184901,27865734702,19255222616,18985649681,17869851604,18164179596,16975844078,16404054450,16749805344,17771543536,19157723871,20422133639,21933371474,23578374367,24710136298,25451440443,27436652834,25790453592,27621575825,29228644999,29056273754,31684084103,33268169764,33155644963,34696060990,36144833894,37617951105,38954258881,35730412861,40707659297,38835106970,39301128253,39341631765
Madagascar,MDG,"GDP, PPP (constant 2021 international $)",NY.GDP.MKTP.PP.KD,,,,,,,,,,,,,,,,,,,,,,,,,,,,,,,23728781480,22232361092,22494899697,22967275311,22957605789,23342970397,23845825709,24726569521,25695127696,26902600084,28101611021,29782153615,26086792600,28639357115,30144929155,31578575290,33283347345,35184014263,37545787853,36051950358,36275198363,36847775908,37957317018,38830478116,40127106649,41384007238,43036531094,44729290240,46158103238,48194244318,44754297418,46835678114,48782214694,50832553694,52967520949
Maldives,MDV,"GDP, PPP (constant 2021 international $)",NY.GDP.MKTP.PP.KD,,,,,,,,,,,,,,,,,,,,,,,,,,,,,,,2010676976,2039684934,2175748753,2296650084,2474628666,2795978614,3015704708,3268961801,3513960131,3730970215,3874456249,3721661864,3992166629,4541091523,4810146318,4272501363,5282105061,5658897699,6166866082,5652506359,6036055364,6569849450,6726822083,7196015385,7761671586,8061903547,8575872716,9182566718,9969416783,10659605470,7151654162,9834087309,11193757025,11722817856,12324662897
"Middle East, North Africa, Afghanistan & Pakistan",MEA,"GDP, PPP (constant 2021 international $)",NY.GDP.MKTP.PP.KD,,,,,,,,,,,,,,,,,,,,,,,,,,,,,,,3.48586E+12,3.53888E+12,3.75379E+12,3.83945E+12,3.94105E+12,4.06228E+12,4.27478E+12,4.44129E+12,4.64591E+12,4.78624E+12,5.07583E+12,5.18653E+12,5.3074E+12,5.53479E+12,5.97638E+12,6.2876E+12,6.65037E+12,7.00187E+12,7.31257E+12,7.43885E+12,7.79118E+12,8.11474E+12,8.36519E+12,8.53697E+12,8.80733E+12,9.08444E+12,9.51699E+12,9.74089E+12,1.00114E+13,1.01869E+13,9.92108E+12,1.03832E+13,1.10364E+13,1.12818E+13,1.15255E+13
Mexico,MEX,"GDP, PPP (constant 2021 international $)",NY.GDP.MKTP.PP.KD,,,,,,,,,,,,,,,,,,,,,,,,,,,,,,,1.42199E+12,1.47853E+12,1.53129E+12,1.57519E+12,1.64441E+12,1.54722E+12,1.64343E+12,1.76174E+12,1.8707E+12,1.92224E+12,2.01891E+12,2.00981E+12,2.00506E+12,2.02883E+12,2.10116E+12,2.14557E+12,2.24866E+12,2.29539E+12,2.31704E+12,2.17118E+12,2.27911E+12,2.35761E+12,2.44138E+12,2.46218E+12,2.52383E+12,2.59203E+12,2.63797E+12,2.68735E+12,2.74034E+12,2.72958E+12,2.50155E+12,2.65286E+12,2.75131E+12,2.84197E+12,2.8833E+12
Marshall Islands,MHL,"GDP, PPP (constant 2021 international $)",NY.GDP.MKTP.PP.KD,,,,,,,,,,,,,,,,,,,,,,,,,,,,,,,174302390.9,174455427.2,186913081.9,198139548.5,209785591.7,227015899.8,203626549,190501442.3,189217279.8,186691755.9,191273974.5,204529346,211965603.8,208655389.7,207803334,211525184.8,211897369.8,219713256.4,203088989.7,210532691.2,222194490.3,221077935,218224516.1,226536649.5,223683230.6,227901328.1,233608165.9,241920299.3,255194900.3,281868164.1,274052277.5,277401943.2,274300400.9,263507033.7,270808729.3
Middle income,MIC,"GDP, PPP (constant 2021 international $)",NY.GDP.MKTP.PP.KD,,,,,,,,,,,,,,,,,,,,,,,,,,,,,,,1.73974E+13,1.77319E+13,1.83463E+13,1.90691E+13,1.98184E+13,2.0667E+13,2.18829E+13,2.30055E+13,2.36655E+13,2.45584E+13,2.58889E+13,2.68302E+13,2.80552E+13,2.96762E+13,3.19323E+13,3.41709E+13,3.68529E+13,3.99224E+13,4.20954E+13,4.36108E+13,4.70057E+13,4.98668E+13,5.25301E+13,5.53871E+13,5.81747E+13,6.09029E+13,6.38918E+13,6.72535E+13,7.06046E+13,7.3442E+13,7.22103E+13,7.74307E+13,8.06659E+13,8.47456E+13,8.85049E+13
North Macedonia,MKD,"GDP, PPP (constant 2021 international $)",NY.GDP.MKTP.PP.KD,,,,,,,,,,,,,,,,,,,,,,,,,,,,,,,26630912159,24987580447,23347096147,21603238190,21223417362,20986834051,21235549838,21541337792,22269162651,23235427835,24292438997,23547327552,23899045853,24430226443,25572117111,26780166591,28155870487,29978537063,31618963028,31505572728,32563766423,33325721449,33173695099,34144111157,35383243123,36747573260,37794219551,38203067114,39303543409,40840476849,38925691509,40681504692,41803860278,42670262877,43846361645
Mali,MLI,"GDP, PPP (constant 2021 international $)",NY.GDP.MKTP.PP.KD,,,,,,,,,,,,,,,,,,,,,,,,,,,,,,,14832247220,16574324883,16040853305,16549696149,17175263749,17333451775,18556462935,19452559047,20925442166,22118389833,22104934117,25503841718,26296069658,28694019293,29141645610,31328634211,33413323337,34708099026,36977090310,38690427431,41368471214,43031126024,42785595330,43804802101,47135077376,49951264433,52950869375,55797268614,58513395954,61439065235,60720796477,62603712699,64800027977,67856749650,71252671858
Malta,MLT,"GDP, PPP (constant 2021 international $)",NY.GDP.MKTP.PP.KD,,,,,,,,,,,,,,,,,,,,,,,,,,,,,,,6442917832,6846018540,7167160626,7488303113,7911474917,8413259627,8731056683,9190046667,9661091788,10117092997,12108265311,12016645382,12346036068,12802130902,12854256026,13224544887,13533486486,14215122721,14842027576,14634930450,15541907605,15696077683,16340023444,17368091271,18693472786,20491990041,21327595873,24094237062,25826395024,26881327339,25978560290,29433654077,30690270525,32776077404,34732573880
Myanmar,MMR,"GDP, PPP (constant 2021 international $)",NY.GDP.MKTP.PP.KD,,,,,,,,,,,,,,,,,,,,,,,,,,,,,,,30871439712,30670584905,33633652463,35664926710,38331935078,40995257644,43636465399,46102616444,48807094193,54149094093,61592390964,68579429990,76826458557,87462311090,99326277632,1.12804E+11,1.27554E+11,1.4285E+11,1.57499E+11,1.74116E+11,1.90891E+11,2.01564E+11,2.16344E+11,2.34574E+11,2.53738E+11,2.71481E+11,2.87397E+11,3.05032E+11,3.24154E+11,3.4548E+11,3.1422E+11,2.76462E+11,2.87624E+11,2.90381E+11,2.87559E+11
"Middle East, North Africa, Afghanistan & Pakistan (excluding high income)",MNA,"GDP, PPP (constant 2021 international $)",NY.GDP.MKTP.PP.KD,,,,,,,,,,,,,,,,,,,,,,,,,,,,,,,2.29393E+12,2.29908E+12,2.41986E+12,2.46254E+12,2.51937E+12,2.60161E+12,2.75885E+12,2.85578E+12,3.01859E+12,3.14925E+12,3.33138E+12,3.4268E+12,3.53839E+12,3.62931E+12,3.90975E+12,4.10006E+12,4.32754E+12,4.58301E+12,4.75371E+12,4.90488E+12,5.13631E+12,5.20721E+12,5.31625E+12,5.37463E+12,5.52493E+12,5.65295E+12,5.98213E+12,6.1745E+12,6.34935E+12,6.46553E+12,6.34529E+12,6.6064E+12,6.90477E+12,7.09891E+12,7.26305E+12
Montenegro,MNE,"GDP, PPP (constant 2021 international $)",NY.GDP.MKTP.PP.KD,,,,,,,,,,,,,,,,,,,,,,,,,,,,,,,,,,,,,,8910500863,9347115926,8468487205,8731010313,8827037344,8995098551,9218416195,9626427971,10028870853,10887985854,11629474036,12469442173,11746825905,12068023017,12457633229,12118313365,12548389872,12772215324,13205242136,13594701744,14235891131,14958773854,15566540607,13183786774,14903409289,15858223081,16863269295,17375965936
Mongolia,MNG,"GDP, PPP (constant 2021 international $)",NY.GDP.MKTP.PP.KD,,,,,,,,,,,,,,,,,,,,,,,,,,,,,,,13930857675,12719772331,11542370968,11176617292,11415169077,12143048987,12414457528,12898213380,13329005530,13738255185,13895704126,14306004047,14983104138,16032615830,17736146348,19022667066,20650291129,22766536342,24792841843,24478320115,26036404767,30538301607,34300565350,38296209460,41315951926,42299203745,42929370720,45349246281,48861491268,51598831338,49247084584,50053145882,52572175378,56474141516,59221044569
Northern Mariana Islands,MNP,"GDP, PPP (constant 2021 international $)",NY.GDP.MKTP.PP.KD,,,,,,,,,,,,,,,,,,,,,,,,,,,,,,,,,,,,,,,,,,,,,,,,,,,,,,,,,,,,,,,,,
Mozambique,MOZ,"GDP, PPP (constant 2021 international $)",NY.GDP.MKTP.PP.KD,,,,,,,,,,,,,,,,,,,,,,,,,,,,,,,7170866774,7524064321,6953992509,7714789541,8211636159,8385960474,9282915342,10379686771,11455980625,12809732312,12907884959,14566765289,15975153770,17128192582,18533510246,19703349821,21656085291,23312635904,24916085862,26393353585,28156358172,30165049214,32576595027,34717337920,37391464636,40155850652,42041967039,43151121313,44654908559,45689926258,45132727327,46205728911,48222355191,50844136708,51785655733
Mauritania,MRT,"GDP, PPP (constant 2021 international $)",NY.GDP.MKTP.PP.KD,,,,,,,,,,,,,,,,,,,,,,,,,,,,,,,10773605994,10966247471,11171768737,11827957926,11465935813,12591867823,13324566781,12785628489,13140788290,13623472876,13089701687,12985050329,13164436717,14076504381,14742711251,16005614255,18939955319,18566947530,18505476224,18523588628,19008949158,19802151410,20687310190,21546001790,22467055292,23674960402,23973480164,25476748186,26692542851,27530956928,27431664499,27635403695,29513507140,31434006298,33068574626
Mauritius,MUS,"GDP, PPP (constant 2021 international $)",NY.GDP.MKTP.PP.KD,,,,,,,,,,,,,,,,,,,,,,,,,,,,,,,9477452905,9897820236,10542435434,11078208640,11536419176,12031070440,12703347879,13425847921,14241057375,14612881748,15811546006,16340843948,16604735286,17588639824,18350231421,18676414679,19585123966,20706767181,21822232972,22545656798,23532526014,24492073720,25348345607,26200152959,27202824906,28206760639,29296237816,30449918917,31669968173,32585637210,27845555062,28793361693,31296387845,32863652680,34406240719
Malawi,MWI,"GDP, PPP (constant 2021 international $)",NY.GDP.MKTP.PP.KD,,,,,,,,,,,,,,,,,,,,,,,,,,,,,,,9998939789,10871870407,10074638505,11051056409,9919408152,11578807819,12425992341,12897238047,13399618164,13807271818,14024885140,13327152207,13553713798,14327039834,15103636677,15597333179,16330407802,17898126931,19265496649,20869948373,22304562368,23404772824,23849463508,25139802957,26553984751,27297496324,27979933731,29099131081,30365980584,32101950612,32356710546,33831623933,34143252120,34789398822,35424948954
Malaysia,MYS,"GDP, PPP (constant 2021 international $)",NY.GDP.MKTP.PP.KD,,,,,,,,,,,,,,,,,,,,,,,,,,,,,,,2.14242E+11,2.34693E+11,2.55545E+11,2.80832E+11,3.06702E+11,3.36848E+11,3.70542E+11,3.97676E+11,3.68409E+11,3.9102E+11,4.2566E+11,4.27864E+11,4.5093E+11,4.77032E+11,5.09391E+11,5.36553E+11,5.66518E+11,6.02202E+11,6.31299E+11,6.21744E+11,6.67908E+11,7.03266E+11,7.41759E+11,7.76576E+11,8.23222E+11,8.65137E+11,9.03634E+11,9.56159E+11,1.00247E+12,1.04671E+12,9.8959E+11,1.0224E+12,1.113E+12,1.15257E+12,1.21152E+12
North America,NAC,"GDP, PPP (constant 2021 international $)",NY.GDP.MKTP.PP.KD,,,,,,,,,,,,,,,,,,,,,,,,,,,,,,,1.22033E+13,1.21677E+13,1.25673E+13,1.29121E+13,1.34374E+13,1.37982E+13,1.42933E+13,1.49269E+13,1.55884E+13,1.63395E+13,1.7021E+13,1.71977E+13,1.75096E+13,1.79837E+13,1.86636E+13,1.93092E+13,1.98446E+13,2.02431E+13,2.02815E+13,1.97527E+13,2.02916E+13,2.06368E+13,2.10989E+13,2.15495E+13,2.20996E+13,2.27052E+13,2.31026E+13,2.3682E+13,2.43797E+13,2.49951E+13,2.43919E+13,2.58666E+13,2.65533E+13,2.72893E+13,2.80231E+13
Namibia,NAM,"GDP, PPP (constant 2021 international $)",NY.GDP.MKTP.PP.KD,,,,,,,,,,,,,,,,,,,,,,,,,,,,,,,9970961728,10785151826,11560533332,11377930181,11574754662,12026055992,12409846439,12933554407,13359273424,13809384541,14291633570,14459981682,15152421217,15794852707,17732809758,18181319093,19467315668,20513497807,21057066941,21119389735,22394842369,23535039520,24726308396,26114621285,27705659590,28887077272,28896839501,28599997270,28903139937,28660598613,26338688300,27287889638,28761087693,30038887033,31153793835
New Caledonia,NCL,"GDP, PPP (constant 2021 international $)",NY.GDP.MKTP.PP.KD,,,,,,,,,,,,,,,,,,,,,,,,,,,,,,,,,,,,,,,,,,,,,,,,,,,,,,,,,,,,,,,,,
Niger,NER,"GDP, PPP (constant 2021 international $)",NY.GDP.MKTP.PP.KD,,,,,,,,,,,,,,,,,,,,,,,,,,,,,,,11698663467,11647249116,11880281728,11918495304,12139557027,12437855579,12450359418,12640535634,13901127581,13870605915,13702982730,14698934001,15421896744,15756646037,15813968964,16973428427,17980130949,18545196855,19979002843,20371110934,22118578797,22640081123,25028370733,26358661333,28109439639,29344188611,31028807125,32581910869,34931528663,37006409967,38320374766,38850574078,43473792393,44198776164,47921019367
Nigeria,NGA,"GDP, PPP (constant 2021 international $)",NY.GDP.MKTP.PP.KD,,,,,,,,,,,,,,,,,,,,,,,,,,,,,,,3.54557E+11,3.55827E+11,3.72306E+11,3.64729E+11,3.5811E+11,3.5785E+11,3.72865E+11,3.83816E+11,3.93723E+11,3.96023E+11,4.15888E+11,4.40499E+11,5.08023E+11,5.45349E+11,5.95796E+11,6.34157E+11,6.72583E+11,7.16914E+11,7.65409E+11,8.26925E+11,8.93126E+11,9.40532E+11,9.80317E+11,1.04572E+12,1.1117E+12,1.14119E+12,1.12274E+12,1.13179E+12,1.15355E+12,1.17902E+12,1.15787E+12,1.2001E+12,1.23912E+12,1.27456E+12,1.31823E+12
Nicaragua,NIC,"GDP, PPP (constant 2021 international $)",NY.GDP.MKTP.PP.KD,,,,,,,,,,,,,,,,,,,,,,,,,,,,,,,17556045823,17522815477,17590514275,17521394804,18106210973,19176633497,20393250588,21202179652,21989137024,23536286210,24501648231,25227103688,25417300630,26058002888,27442248448,28617434839,29805901340,31318953814,32394984415,31328326050,32709936280,34776120094,37035224314,38859984679,40719613755,42671006646,44618147574,46684506605,45114340143,43807436417,42827664806,47305035692,48984506117,51153414573,52988712245
Netherlands,NLD,"GDP, PPP (constant 2021 international $)",NY.GDP.MKTP.PP.KD,,,,,,,,,,,,,,,,,,,,,,,,,,,,,,,6.44833E+11,6.60562E+11,6.71831E+11,6.8028E+11,7.00424E+11,7.22249E+11,7.46954E+11,7.78689E+11,8.1488E+11,8.55977E+11,8.92097E+11,9.12826E+11,9.1507E+11,9.15965E+11,9.34434E+11,9.5344E+11,9.87166E+11,1.02552E+12,1.04723E+12,1.00885E+12,1.02216E+12,1.04028E+12,1.03011E+12,1.0298E+12,1.0464E+12,1.06859E+12,1.0945E+12,1.12494E+12,1.15035E+12,1.17681E+12,1.13129E+12,1.2023E+12,1.26251E+12,1.26345E+12,1.27582E+12
Norway,NOR,"GDP, PPP (constant 2021 international $)",NY.GDP.MKTP.PP.KD,,,,,,,,,,,,,,,,,,,,,,,,,,,,,,,2.42217E+11,2.49688E+11,2.58613E+11,2.65971E+11,2.79417E+11,2.91029E+11,3.05661E+11,3.21814E+11,3.30402E+11,3.37248E+11,3.48442E+11,3.55644E+11,3.60544E+11,3.6395E+11,3.78561E+11,3.88726E+11,3.98295E+11,4.09901E+11,4.11877E+11,4.03885E+11,4.07063E+11,4.11564E+11,4.2275E+11,4.27046E+11,4.35793E+11,4.43887E+11,4.49057E+11,4.60121E+11,4.63935E+11,4.69148E+11,4.63152E+11,4.81255E+11,4.96877E+11,4.97236E+11,5.0768E+11
Nepal,NPL,"GDP, PPP (constant 2021 international $)",NY.GDP.MKTP.PP.KD,,,,,,,,,,,,,,,,,,,,,,,,,,,,,,,35305600052,37553913762,39096030161,40601168689,43936961802,45460894185,47883179816,50300616039,51817878527,54104380389,57458851964,60216814884,60289161279,62667591457,65602066132,67884480784,70168532059,72562373827,76992044904,80482154911,84358509208,87245096016,91319565822,94538720393,1.00222E+11,1.04207E+11,1.04658E+11,1.14054E+11,1.22747E+11,1.30918E+11,1.27816E+11,1.34E+11,1.41546E+11,1.44352E+11,1.49643E+11
Nauru,NRU,"GDP, PPP (constant 2021 international $)",NY.GDP.MKTP.PP.KD,,,,,,,,,,,,,,,,,,,,,,,,,,,,,,,293916424.8,238090603.3,199376363.5,167242131.3,160776333.7,148037234.9,130480757.6,118798016.2,104794135.2,97911036.34,91198066.27,85032083.96,76553208.73,76771122.69,73458581.94,73197327.32,79293757.63,61702195.67,74277663.15,70079539.54,69967428.46,80038983.3,100272294.4,103929967.4,120998734.8,124263301.6,129685208.3,121889532.2,120403550.1,130621882.2,133210572.1,142810518.1,147025596.8,147975985.4,150580735.1
New Zealand,NZL,"GDP, PPP (constant 2021 international $)",NY.GDP.MKTP.PP.KD,,,,,,,,,,,,,,,,,,,,,,,,,,,,,,,1.0221E+11,1.01095E+11,1.02201E+11,1.08733E+11,1.14299E+11,1.19696E+11,1.2402E+11,1.26598E+11,1.27685E+11,1.34552E+11,1.38413E+11,1.43135E+11,1.49881E+11,1.56968E+11,1.63385E+11,1.68863E+11,1.73557E+11,1.78861E+11,1.77042E+11,1.76976E+11,1.79557E+11,1.83316E+11,1.87654E+11,1.92514E+11,1.9988E+11,2.07256E+11,2.15089E+11,2.22356E+11,2.30073E+11,2.35405E+11,2.34682E+11,2.45325E+11,2.53903E+11,2.57443E+11,2.57117E+11
OECD members,OED,"GDP, PPP (constant 2021 international $)",NY.GDP.MKTP.PP.KD,,,,,,,,,,,,,,,,,,,,,,,,,,,,,,,3.66462E+13,3.70874E+13,3.7849E+13,3.83661E+13,3.9577E+13,4.0632E+13,4.19179E+13,4.34657E+13,4.4762E+13,4.62289E+13,4.81501E+13,4.88219E+13,4.95868E+13,5.05943E+13,5.22776E+13,5.37765E+13,5.55109E+13,5.7025E+13,5.72901E+13,5.52975E+13,5.69756E+13,5.81646E+13,5.89232E+13,5.98671E+13,6.11914E+13,6.27655E+13,6.39466E+13,6.56534E+13,6.72036E+13,6.84263E+13,6.56428E+13,6.96611E+13,7.1886E+13,7.3179E+13,7.44715E+13
Oman,OMN,"GDP, PPP (constant 2021 international $)",NY.GDP.MKTP.PP.KD,,,,,,,,,,,,,,,,,,,,,,,,,,,,,,,62093919316,65865552351,71407403693,75722525017,78657359080,82587725352,85103297840,90238015959,90176767724,90445129903,96045863748,1.00477E+11,99688716081,97500882043,99443601850,1.02208E+11,1.0698E+11,1.12309E+11,1.22361E+11,1.2968E+11,1.32886E+11,1.36732E+11,1.48851E+11,1.56633E+11,1.58657E+11,1.66617E+11,1.75025E+11,1.75557E+11,1.77816E+11,1.7581E+11,1.69868E+11,1.74254E+11,1.88169E+11,1.90403E+11,1.93591E+11
Other small states,OSS,"GDP, PPP (constant 2021 international $)",NY.GDP.MKTP.PP.KD,,,,,,,,,,,,,,,,,,,,,,,,,,,,,,,1.28273E+11,1.27871E+11,1.23551E+11,1.23959E+11,1.27149E+11,1.32665E+11,1.3683E+11,1.45918E+11,1.49663E+11,1.52527E+11,1.63888E+11,1.6901E+11,1.75256E+11,1.82999E+11,1.90398E+11,1.98334E+11,2.10788E+11,2.21305E+11,2.2315E+11,2.13339E+11,2.19791E+11,2.28148E+11,2.31663E+11,2.34018E+11,2.38923E+11,2.46707E+11,2.55966E+11,2.68292E+11,2.79208E+11,2.92042E+11,2.75683E+11,2.95674E+11,3.06829E+11,3.13958E+11,3.23357E+11
Pakistan,PAK,"GDP, PPP (constant 2021 international $)",NY.GDP.MKTP.PP.KD,,,,,,,,,,,,,,,,,,,,,,,,,,,,,,,3.71666E+11,3.90479E+11,4.20568E+11,4.27961E+11,4.43956E+11,4.65987E+11,4.88572E+11,4.93528E+11,5.06114E+11,5.24639E+11,5.46989E+11,5.66961E+11,5.81673E+11,6.13091E+11,6.61103E+11,7.09209E+11,7.52128E+11,7.85558E+11,8.02216E+11,8.30073E+11,8.42538E+11,8.65119E+11,8.91312E+11,9.30234E+11,9.68526E+11,1.00938E+12,1.07573E+12,1.12342E+12,1.19253E+12,1.22231E+12,1.20674E+12,1.28534E+12,1.34676E+12,1.34622E+12,1.38977E+12
Panama,PAN,"GDP, PPP (constant 2021 international $)",NY.GDP.MKTP.PP.KD,,,,,,,,,,,,,,,,,,,,,,,,,,,,,,,27836330177,30458235723,32956322800,34754335522,35744885208,36371020782,34274225647,36916439412,40012795477,42098120671,43870032876,44286757894,45397843441,47711708103,51612451960,55883993113,61392611712,69467622068,76551536001,77785442697,82509658742,92335632700,1.01225E+11,1.07627E+11,1.12606E+11,1.18536E+11,1.23956E+11,1.31076E+11,1.36212E+11,1.40438E+11,1.15411E+11,1.34415E+11,1.48891E+11,1.59908E+11,1.64484E+11
Peru,PER,"GDP, PPP (constant 2021 international $)",NY.GDP.MKTP.PP.KD,,,,,,,,,,,,,,,,,,,,,,,,,,,,,,,1.39069E+11,1.42155E+11,1.41387E+11,1.48801E+11,1.67116E+11,1.79501E+11,1.84525E+11,1.96477E+11,1.95708E+11,1.98633E+11,2.03985E+11,2.05246E+11,2.16439E+11,2.25453E+11,2.36632E+11,2.51504E+11,2.7044E+11,2.93477E+11,3.20261E+11,3.23771E+11,3.50749E+11,3.72941E+11,3.95839E+11,4.19006E+11,4.28987E+11,4.42939E+11,4.60449E+11,4.72047E+11,4.90785E+11,5.01781E+11,4.4692E+11,5.0664E+11,5.20872E+11,5.18771E+11,5.35911E+11
Philippines,PHL,"GDP, PPP (constant 2021 international $)",NY.GDP.MKTP.PP.KD,,,,,,,,,,,,,,,,,,,,,,,,,,,,,,,2.83126E+11,2.81891E+11,2.83068E+11,2.89244E+11,3.01895E+11,3.15858E+11,3.34369E+11,3.5171E+11,3.49902E+11,3.61612E+11,3.77459E+11,3.88969E+11,4.03424E+11,4.23946E+11,4.51796E+11,4.74126E+11,4.99332E+11,5.31885E+11,5.54993E+11,5.63031E+11,6.04327E+11,6.27643E+11,6.70931E+11,7.16223E+11,7.61688E+11,8.10043E+11,8.67956E+11,9.28114E+11,9.8697E+11,1.04736E+12,9.47668E+11,1.00182E+12,1.07777E+12,1.13725E+12,1.20199E+12
Palau,PLW,"GDP, PPP (constant 2021 international $)",NY.GDP.MKTP.PP.KD,,,,,,,,,,,,,,,,,,,,,,,,,,,,,,,272252343,285606932.8,267327975.9,234446530.4,251561199.2,278981341.2,307995521.7,315079391.6,321380933.1,304026335.7,296109786.4,315358211.2,331177045.6,320502291.9,333126953.8,344499792.8,344073578,350108735.3,330873843.1,306850496.2,304101435.3,319666198.9,323672934.7,313845490.1,328815918.2,355778757.2,354213368.8,342665947.6,343042908.7,343729046.3,323107249.2,278538180.3,274865857.3,280025177.3,
Papua New Guinea,PNG,"GDP, PPP (constant 2021 international $)",NY.GDP.MKTP.PP.KD,,,,,,,,,,,,,,,,,,,,,,,,,,,,,,,12329045967,13506087374,15376556931,18175441793,19255446366,18617619568,20057449631,19274328642,18547857373,18892022882,18420696762,18398354555,18369119472,18766646046,19277319466,20500426045,21609487633,23298309983,23229240315,24808926563,27321687296,27624286902,28910782981,30016604913,34081985031,36324019448,38318053068,39672447117,39561660902,41334226882,40024993335,39820324163,42093102631,43697222882,45486636832
Poland,POL,"GDP, PPP (constant 2021 international $)",NY.GDP.MKTP.PP.KD,,,,,,,,,,,,,,,,,,,,,,,,,,,,,,,4.88636E+11,4.54355E+11,4.65782E+11,4.83195E+11,5.08769E+11,5.49113E+11,5.82575E+11,6.19621E+11,6.48257E+11,6.7872E+11,7.10323E+11,7.19087E+11,7.32758E+11,7.58576E+11,7.97193E+11,8.23188E+11,8.74244E+11,9.33346E+11,9.74262E+11,9.9974E+11,1.03142E+12,1.08563E+12,1.10204E+12,1.10958E+12,1.15308E+12,1.20418E+12,1.24068E+12,1.30461E+12,1.38609E+12,1.44958E+12,1.42008E+12,1.51845E+12,1.59825E+12,1.60224E+12,1.64908E+12
Pre-demographic dividend,PRE,"GDP, PPP (constant 2021 international $)",NY.GDP.MKTP.PP.KD,,,,,,,,,,,,,,,,,,,,,,,,,,,,,,,1.32476E+12,1.20736E+12,1.23432E+12,1.23067E+12,1.23285E+12,1.27467E+12,1.34766E+12,1.4362E+12,1.54172E+12,1.61207E+12,1.70301E+12,1.7735E+12,1.86827E+12,1.8466E+12,2.07018E+12,2.19535E+12,2.33258E+12,2.47368E+12,2.63035E+12,2.75224E+12,2.9323E+12,3.06106E+12,3.22322E+12,3.40602E+12,3.58198E+12,3.69577E+12,3.80681E+12,3.87559E+12,3.9812E+12,4.11755E+12,4.00612E+12,4.12299E+12,4.30029E+12,4.39348E+12,4.53075E+12
Puerto Rico (US),PRI,"GDP, PPP (constant 2021 international $)",NY.GDP.MKTP.PP.KD,,,,,,,,,,,,,,,,,,,,,,,,,,,,,,,94575186676,96754568944,1.0117E+11,1.05869E+11,1.10301E+11,1.15319E+11,1.17987E+11,1.23745E+11,1.30589E+11,1.37627E+11,1.4213E+11,1.51103E+11,1.52488E+11,1.5257E+11,1.65917E+11,1.62621E+11,1.60329E+11,1.58464E+11,1.55542E+11,1.52505E+11,1.51875E+11,1.51331E+11,1.51375E+11,1.5091E+11,1.49114E+11,1.47549E+11,1.45685E+11,1.41482E+11,1.35311E+11,1.37578E+11,1.31826E+11,1.32334E+11,1.36247E+11,1.36926E+11,1.41344E+11
"Korea, Dem. People's Rep.",PRK,"GDP, PPP (constant 2021 international $)",NY.GDP.MKTP.PP.KD,,,,,,,,,,,,,,,,,,,,,,,,,,,,,,,,,,,,,,,,,,,,,,,,,,,,,,,,,,,,,,,,,
Portugal,PRT,"GDP, PPP (constant 2021 international $)",NY.GDP.MKTP.PP.KD,,,,,,,,,,,,,,,,,,,,,,,,,,,,,,,2.71449E+11,2.83307E+11,2.86393E+11,2.80542E+11,2.83248E+11,2.95379E+11,3.0573E+11,3.19185E+11,3.34531E+11,3.476E+11,3.60865E+11,3.67879E+11,3.70715E+11,3.67265E+11,3.73835E+11,3.76758E+11,3.8288E+11,3.92477E+11,3.9373E+11,3.81438E+11,3.88066E+11,3.81416E+11,3.65965E+11,3.62364E+11,3.6505E+11,3.70854E+11,3.78286E+11,3.90825E+11,4.0234E+11,4.13387E+11,3.7947E+11,4.00564E+11,4.28547E+11,4.39745E+11,4.48226E+11
Paraguay,PRY,"GDP, PPP (constant 2021 international $)",NY.GDP.MKTP.PP.KD,,,,,,,,,,,,,,,,,,,,,,,,,,,,,,,40206049896,41610708621,42316604337,44405504020,46766952160,49957772591,50744000588,52896822984,52932812795,52209708378,51001502336,50576121900,50565296388,52750094148,54890386155,56061467420,58756407858,61941958706,65965889288,65793627727,73093582884,76226645174,75686927664,81963702467,86308793894,88861075890,92653689565,97110405095,1.00222E+11,99819318099,99001013912,1.02978E+11,1.03159E+11,1.08316E+11,1.12919E+11
West Bank and Gaza,PSE,"GDP, PPP (constant 2021 international $)",NY.GDP.MKTP.PP.KD,,,,,,,,,,,,,,,,,,,,,,,,,,,,,,,,,,,9386367657,10054476156,10176591543,11669257282,13341941144,14446732782,13210732058,11980670077,10484478210,11953945737,14574786911,16220375261,16058730122,16667080027,17905307779,19443998770,20567348977,22541980764,23916242829,25039964208,25000434455,25930775540,28229439949,28630119463,28981433182,29376359539,26051406242,27878126230,29016323293,27694396393,20339449745
Pacific island small states,PSS,"GDP, PPP (constant 2021 international $)",NY.GDP.MKTP.PP.KD,,,,,,,,,,,,,,,,,,,,,,,,,,,,,,,9894545025,9772057007,10269465128,10469249784,10964423238,11388855038,11787411376,11604444952,11766382208,12414445018,12229733243,12386692920,12689767946,12894029893,13449743460,13709398458,14004910323,13978373100,14217878363,14095388911,14593792805,15110567824,15275044290,15829495722,16480781899,17166104027,17747041126,18502228504,19060599619,19187688477,16882232728,16326860656,18276579432,19343182321,20125090328
Post-demographic dividend,PST,"GDP, PPP (constant 2021 international $)",NY.GDP.MKTP.PP.KD,,,,,,,,,,,,,,,,,,,,,,,,,,,,,,,3.51328E+13,3.54195E+13,3.59456E+13,3.61836E+13,3.71194E+13,3.80506E+13,3.90884E+13,4.03735E+13,4.14552E+13,4.28799E+13,4.46353E+13,4.53849E+13,4.6107E+13,4.70588E+13,4.86149E+13,4.99598E+13,5.14996E+13,5.28912E+13,5.31184E+13,5.11876E+13,5.26844E+13,5.36027E+13,5.41556E+13,5.49075E+13,5.59038E+13,5.70492E+13,5.80796E+13,5.95209E+13,6.08528E+13,6.19671E+13,5.93199E+13,6.27019E+13,6.42381E+13,6.54129E+13,6.65673E+13
French Polynesia,PYF,"GDP, PPP (constant 2021 international $)",NY.GDP.MKTP.PP.KD,,,,,,,,,,,,,,,,,,,,,,,,,,,,,,,,,,,,,,,,,,,,,,,,,,,,,,,,,,,,,,,,,
Qatar,QAT,"GDP, PPP (constant 2021 international $)",NY.GDP.MKTP.PP.KD,,,,,,,,,,,,,,,,,,,,,,,,,,,,,,,31509683796,30985919585,34496787790,34039658399,34522581898,35350860186,36897075197,47970640100,53352299488,55637946354,60104630487,62447621176,66932704049,69422572981,82764838509,88966207967,1.12249E+11,1.32438E+11,1.55831E+11,1.74463E+11,2.08644E+11,2.36551E+11,2.47739E+11,2.61504E+11,2.75453E+11,2.88547E+11,2.97388E+11,2.92935E+11,2.96552E+11,2.98593E+11,2.8797E+11,2.92655E+11,3.04903E+11,3.08522E+11,3.17064E+11
Romania,ROU,"GDP, PPP (constant 2021 international $)",NY.GDP.MKTP.PP.KD,,,,,,,,,,,,,,,,,,,,,,,,,,,,,,,3.78562E+11,3.29658E+11,3.00757E+11,3.05355E+11,3.17361E+11,3.37144E+11,3.50318E+11,3.33331E+11,3.26565E+11,3.25335E+11,3.33342E+11,3.50737E+11,3.70739E+11,3.79419E+11,4.18985E+11,4.38544E+11,4.73754E+11,5.08024E+11,5.55308E+11,5.24674E+11,5.04181E+11,5.26847E+11,5.36876E+11,5.38372E+11,5.60532E+11,5.78228E+11,5.94765E+11,6.43509E+11,6.82898E+11,7.09689E+11,6.83613E+11,7.21524E+11,7.50135E+11,7.6817E+11,7.7442E+11
Russian Federation,RUS,"GDP, PPP (constant 2021 international $)",NY.GDP.MKTP.PP.KD,,,,,,,,,,,,,,,,,,,,,,,,,,,,,,,4.38635E+12,4.16497E+12,3.55975E+12,3.25118E+12,2.84251E+12,2.72473E+12,2.62241E+12,2.65913E+12,2.51819E+12,2.67936E+12,2.94729E+12,3.09761E+12,3.24319E+12,3.47995E+12,3.7305E+12,3.96925E+12,4.29473E+12,4.65978E+12,4.90209E+12,4.51973E+12,4.72312E+12,4.92621E+12,5.12445E+12,5.2144E+12,5.25279E+12,5.14917E+12,5.15914E+12,5.25334E+12,5.40081E+12,5.51953E+12,5.37306E+12,5.68827E+12,5.60659E+12,5.83548E+12,6.089E+12
Rwanda,RWA,"GDP, PPP (constant 2021 international $)",NY.GDP.MKTP.PP.KD,,,,,,,,,,,,,,,,,,,,,,,,,,,,,,,8282405774,8074154648,8548327566,7855170023,3908098919,5284690742,5958261346,6783465795,7384390610,7705751043,8350791444,9059319383,10254431466,10480273783,11260809714,12316837095,13453320986,14480253093,16096429954,17102176347,18356562228,19817448801,21529975256,22546157486,23936616479,26056648035,27612424111,28694326087,31138068964,34079802279,32930056262,36505744034,39485053448,42742532065,46542623256
South Asia,SAS,"GDP, PPP (constant 2021 international $)",NY.GDP.MKTP.PP.KD,,,,,,,,,,,,,,,,,,,,,,,,,,,,,,,2.25064E+12,2.28453E+12,2.40833E+12,2.524E+12,2.68446E+12,2.87748E+12,3.0813E+12,3.21043E+12,3.40266E+12,3.6823E+12,3.83256E+12,4.01019E+12,4.16118E+12,4.47127E+12,4.80877E+12,5.17744E+12,5.58506E+12,6.00591E+12,6.21449E+12,6.67561E+12,7.22172E+12,7.61386E+12,8.04259E+12,8.54495E+12,9.16395E+12,9.87053E+12,1.06585E+13,1.13817E+13,1.2113E+13,1.26147E+13,1.19947E+13,1.31034E+13,1.40444E+13,1.52445E+13,1.61925E+13
Saudi Arabia,SAU,"GDP, PPP (constant 2021 international $)",NY.GDP.MKTP.PP.KD,,,,,,,,,,,,,,,,,,,,,,,,,,,,,,,6.93737E+11,7.50767E+11,7.85157E+11,7.88139E+11,7.9565E+11,7.9813E+11,8.24505E+11,8.46333E+11,8.70062E+11,8.64551E+11,9.05342E+11,9.08462E+11,9.02208E+11,9.8132E+11,1.06602E+12,1.12939E+12,1.16681E+12,1.19264E+12,1.26704E+12,1.25352E+12,1.3167E+12,1.47152E+12,1.55631E+12,1.60215E+12,1.66663E+12,1.74421E+12,1.77394E+12,1.79491E+12,1.85283E+12,1.88343E+12,1.81177E+12,1.92989E+12,2.16149E+12,2.17321E+12,2.2125E+12
Sudan,SDN,"GDP, PPP (constant 2021 international $)",NY.GDP.MKTP.PP.KD,,,,,,,,,,,,,,,,,,,,,,,,,,,,,,,65832468680,70777086386,75432705021,78879036120,79672740052,84450787779,89449534427,1.0583E+11,1.1039E+11,1.13816E+11,1.21039E+11,1.28907E+11,1.3665E+11,1.45243E+11,1.5271E+11,1.61328E+11,1.71866E+11,1.81722E+11,1.88713E+11,1.8349E+11,1.90569E+11,1.84445E+11,1.53081E+11,1.56074E+11,1.63349E+11,1.66469E+11,1.72242E+11,1.73464E+11,1.68813E+11,1.65136E+11,1.59142E+11,1.56168E+11,1.54672E+11,1.09147E+11,94419727847
Senegal,SEN,"GDP, PPP (constant 2021 international $)",NY.GDP.MKTP.PP.KD,,,,,,,,,,,,,,,,,,,,,,,,,,,,,,,22569745552,23170092355,23475991569,23795315060,23784007300,25084655922,25591360255,26370770987,27926245460,29680937545,30834698202,32163936241,32186031764,33986502592,35564595806,37097514716,37962172825,39035408702,40480955881,41595034083,43005475624,43579207838,45323681589,46417063410,49306095988,52445436642,55778904558,59910719208,63630720169,66566404953,67459775215,71874343647,74641816330,77819640032,83182975384
Singapore,SGP,"GDP, PPP (constant 2021 international $)",NY.GDP.MKTP.PP.KD,,,,,,,,,,,,,,,,,,,,,,,,,,,,,,,1.38851E+11,1.48138E+11,1.57974E+11,1.76077E+11,1.95614E+11,2.0965E+11,2.25314E+11,2.44052E+11,2.38705E+11,2.52355E+11,2.75163E+11,2.72217E+11,2.82897E+11,2.95764E+11,3.25162E+11,3.49115E+11,3.80559E+11,4.14891E+11,4.22622E+11,4.23163E+11,4.84605E+11,5.14723E+11,5.37554E+11,5.63451E+11,5.85626E+11,6.03059E+11,6.25659E+11,6.53669E+11,6.76234E+11,6.85079E+11,6.58945E+11,7.23237E+11,7.52948E+11,7.66662E+11,8.00304E+11
Solomon Islands,SLB,"GDP, PPP (constant 2021 international $)",NY.GDP.MKTP.PP.KD,,,,,,,,,,,,,,,,,,,,,,,,,,,,,,,779674239.4,826454705.9,931414439.1,968671012.4,1047133376,1152774635,1171333242,1160626352,1175615984,1169905656,1002878230,923083159.4,897236989,955767946.5,1029202465,1104929555,1150654638,1192534697,1266781544,1303065561,1429572224,1535788720,1573661291,1656085581,1675780040,1703868563,1798513887,1853824449,1904730383,1938035862,1872508010,1920525664,1966665937,2018907701,2070174671
Sierra Leone,SLE,"GDP, PPP (constant 2021 international $)",NY.GDP.MKTP.PP.KD,,,,,,,,,,,,,,,,,,,,,,,,,,,,,,,11356748561,11623854903,9413821861,9543219544,9357376294,8608809358,8759792402,8244972329,8392146128,8226041498,8773297815,8216592097,10395972080,11381887755,12119302729,12646916561,13188597972,13683138486,14187507139,14404689958,15320203934,16561240828,18313143811,20998459387,19357426610,18512797700,19704547302,20336641766,20925154977,22076605442,21799908521,23085417016,24312073257,25700297964,26728309890
El Salvador,SLV,"GDP, PPP (constant 2021 international $)",NY.GDP.MKTP.PP.KD,,,,,,,,,,,,,,,,,,,,,,,,,,,,,,,32268857747,32750982739,35050744733,37090107666,38830398413,40668661082,40998671772,42285197820,43406718523,44345186422,44845358873,45239824776,45951410325,46670730500,47085822071,48348112959,50444969942,51376992320,52483859775,51377096737,52483859775,54464382834,56037150872,57260415160,58250676690,59648692982,61163210524,62537926515,64046619111,65607737256,60429252055,67623210510,69621216143,72085220074,73960892033
San Marino,SMR,"GDP, PPP (constant 2021 international $)",NY.GDP.MKTP.PP.KD,,,,,,,,,,,,,,,,,,,,,,,,,,,,,,,,,,,,,,1726614183,1855516617,2023428998,2067527199,2182860956,2189645295,2274449528,2377910692,2435577570,2528862227,2708647200,2695078523,2416920639,2284626036,2094664554,1947105189,1931840427,1918271749,1962229053,2008231666,2013418235,2043496797,2085709007,1947052932,2217650250,2392810057,,
"Somalia, Fed. Rep.",SOM,"GDP, PPP (constant 2021 international $)",NY.GDP.MKTP.PP.KD,,,,,,,,,,,,,,,,,,,,,,,,,,,,,,,,5702889587,5218809871,5427071511,4458502628,4636423475,5009470805,5068607200,5402450671,5797817975,6210061057,6651615917,7159151991,7705414423,8253293608,8840128724,9413532247,10043707224,10716068332,11433439659,12198834347,13015467249,13886768431,15408660852,16792051333,18548867333,19853756519,22779365499,23247325438,23903902758,23245952366,24049850384,24705717292,25747405283,26770174821
Serbia,SRB,"GDP, PPP (constant 2021 international $)",NY.GDP.MKTP.PP.KD,,,,,,,,,,,,,,,,,,,,,,,,,,,,,,,,,,,,72047178243,76488859342,83321771776,87773355879,78710311683,83476293672,89134750174,94965097143,99295210717,1.05935E+11,1.12189E+11,1.16565E+11,1.25694E+11,1.32181E+11,1.28027E+11,1.3009E+11,1.3016E+11,1.29583E+11,1.30168E+11,1.27819E+11,1.29475E+11,1.33328E+11,1.36479E+11,1.42824E+11,1.49608E+11,1.48187E+11,1.59967E+11,1.64175E+11,1.70492E+11,1.77104E+11
Sub-Saharan Africa (excluding high income),SSA,"GDP, PPP (constant 2021 international $)",NY.GDP.MKTP.PP.KD,,,,,,,,,,,,,,,,,,,,,,,,,,,,,,,1.70782E+12,1.719E+12,1.71336E+12,1.69137E+12,1.70673E+12,1.76636E+12,1.85503E+12,1.93399E+12,1.98836E+12,2.03311E+12,2.10116E+12,2.18871E+12,2.32399E+12,2.42315E+12,2.58057E+12,2.73546E+12,2.89975E+12,3.07452E+12,3.23261E+12,3.32446E+12,3.51672E+12,3.67013E+12,3.80976E+12,3.99292E+12,4.1797E+12,4.29835E+12,4.35462E+12,4.46092E+12,4.58324E+12,4.7004E+12,4.59338E+12,4.79024E+12,4.96983E+12,5.08481E+12,5.25564E+12
South Sudan,SSD,"GDP, PPP (constant 2021 international $)",NY.GDP.MKTP.PP.KD,,,,,,,,,,,,,,,,,,,,,,,,,,,,,,,,,,,,,,,,,,,,,,,,,,,,,,,,,,,,,,,,,
Sub-Saharan Africa,SSF,"GDP, PPP (constant 2021 international $)",NY.GDP.MKTP.PP.KD,,,,,,,,,,,,,,,,,,,,,,,,,,,,,,,1.75037E+12,1.75856E+12,1.74963E+12,1.73241E+12,1.74902E+12,1.81118E+12,1.90543E+12,1.98609E+12,2.03871E+12,2.08603E+12,2.15728E+12,2.24933E+12,2.3855E+12,2.48322E+12,2.64859E+12,2.81152E+12,2.98407E+12,3.1685E+12,3.33651E+12,3.43735E+12,3.64369E+12,3.81133E+12,3.96311E+12,4.16235E+12,4.36643E+12,4.50455E+12,4.58045E+12,4.70837E+12,4.84755E+12,4.9868E+12,4.89666E+12,5.11049E+12,5.30737E+12,5.44453E+12,5.6416E+12
Small states,SST,"GDP, PPP (constant 2021 international $)",NY.GDP.MKTP.PP.KD,,,,,,,,,,,,,,,,,,,,,,,,,,,,,,,1.85384E+11,1.85471E+11,1.83763E+11,1.84471E+11,1.89953E+11,1.97371E+11,2.04654E+11,2.16293E+11,2.23117E+11,2.29752E+11,2.43887E+11,2.50868E+11,2.60482E+11,2.73846E+11,2.861E+11,2.97951E+11,3.18049E+11,3.32511E+11,3.36813E+11,3.24026E+11,3.33235E+11,3.43234E+11,3.5157E+11,3.56679E+11,3.65053E+11,3.73161E+11,3.7916E+11,3.9101E+11,4.03883E+11,4.18048E+11,3.91458E+11,4.16574E+11,4.46122E+11,4.66688E+11,4.97695E+11
Sao Tome and Principe,STP,"GDP, PPP (constant 2021 international $)",NY.GDP.MKTP.PP.KD,,,,,,,,,,,,,,,,,,,,,,,,,,,,,,,477556464.6,483291939.9,486674968.9,492028386.8,502853019.1,512910088,520603744.9,525790628.9,538935331.1,552408748,554885573.5,571889947.4,591106525.7,640118238.3,662765019.5,706604438.6,769252760.8,797264883.6,846924799.6,874893641.4,887566084.1,905312365.3,931955190.1,979668289,1027732877,1043556924,1097580037,1142723281,1192753169,1216778996,1248717735,1272434617,1274581195,1279325859,1290839800
Suriname,SUR,"GDP, PPP (constant 2021 international $)",NY.GDP.MKTP.PP.KD,,,,,,,,,,,,,,,,,,,,,,,,,,,,,,,7069161062,7260028349,7289068463,6800701011,7031924770,7031924770,7102244104,7507071853,7679734630,7572218309,7731234808,8055946702,8281513265,8803248554,9551524698,9981343329,10559616805,11099370328,11559262394,11907623767,12523108019,13255630651,13612253477,14011560990,14047360953,13567918528,12901508432,13103550934,13751950156,13912516520,11689965333,11405269573,11679705720,11976319643,12316397542
Slovak Republic,SVK,"GDP, PPP (constant 2021 international $)",NY.GDP.MKTP.PP.KD,,,,,,,,,,,,,,,,,,,,,,,,,,,,,,,92847006327,79315666838,73984473341,75391161406,80069582935,84748444450,89934692277,94868365767,98498131648,98031978199,98805670567,1.01696E+11,1.06188E+11,1.11345E+11,1.17346E+11,1.24956E+11,1.36109E+11,1.50834E+11,1.58924E+11,1.50175E+11,1.60373E+11,1.64482E+11,1.67063E+11,1.68238E+11,1.72794E+11,1.81739E+11,1.85279E+11,1.90605E+11,1.98348E+11,2.02862E+11,1.97617E+11,2.08881E+11,2.09794E+11,2.14343E+11,2.18762E+11
Slovenia,SVN,"GDP, PPP (constant 2021 international $)",NY.GDP.MKTP.PP.KD,,,,,,,,,,,,,,,,,,,,,,,,,,,,,,,50656201416,46147744817,43626371509,44866852182,47257127336,49198052390,50631495578,53249821487,54881303340,57772454244,59793288141,61484651791,63502936957,65531875588,68510969164,71151469412,75355654131,80735468570,83458061255,77123105224,77980819962,78491935989,76203473909,75575727661,77663759014,79522490584,81935532861,86175206839,89948891080,93101827575,89298617034,96790459871,99403065465,1.01503E+11,1.03118E+11
Sweden,SWE,"GDP, PPP (constant 2021 international $)",NY.GDP.MKTP.PP.KD,,,,,,,,,,,,,,,,,,,,,,,,,,,,,,,3.44111E+11,3.40168E+11,3.36227E+11,3.29282E+11,3.42504E+11,3.56527E+11,3.62606E+11,3.73719E+11,3.89586E+11,4.05953E+11,4.24753E+11,4.30533E+11,4.40339E+11,4.48622E+11,4.67372E+11,4.80426E+11,5.02891E+11,5.19109E+11,5.14317E+11,4.9243E+11,5.20748E+11,5.37224E+11,5.34997E+11,5.41084E+11,5.53506E+11,5.77917E+11,5.91496E+11,6.02292E+11,6.13753E+11,6.29402E+11,6.1678E+11,6.53402E+11,6.62937E+11,6.6218E+11,6.68628E+11
Eswatini,SWZ,"GDP, PPP (constant 2021 international $)",NY.GDP.MKTP.PP.KD,,,,,,,,,,,,,,,,,,,,,,,,,,,,,,,4817808165,4902619729,5060788367,5217982240,5343249880,5601096491,5816293629,5996761893,6152919942,6334484929,6445982863,6513972840,6799291291,7063118329,7319079669,7758134899,8223015293,8587736900,8658299237,8793805848,9127421304,9332535419,9836177897,10215973756,10362664667,10574781175,11069241640,11230497575,11259313459,11944237364,11602287926,12000822910,12135183003,12553176750,12884669068
Sint Maarten (Dutch part),SXM,"GDP, PPP (constant 2021 international $)",NY.GDP.MKTP.PP.KD,,,,,,,,,,,,,,,,,,,,,,,,,,,,,,,,,,,,,,,,,,,,,,,,,,1707402664,1762039425,1843093299,1868722332,1893141507,1923060379,1925095229,1943725499,1797261624,1674023700,1857580414,1610210355,1683919292,1848943402,1919203251,1986375365
Seychelles,SYC,"GDP, PPP (constant 2021 international $)",NY.GDP.MKTP.PP.KD,,,,,,,,,,,,,,,,,,,,,,,,,,,,,,,1075888256,1105587358,1184891625,1271428654,1240449420,1246466055,1371087057,1538272501,1576228467,1605735544,1674030662,1636010699,1655852775,1558370594,1513949958,1650292684,1805521335,1965780609,1912194486,1864783995,1948794977,2134121157,2200506805,2228095328,2318638256,2525321875,2831328442,3028223614,3177801893,3353035171,2959393508,2975737695,3353967909,3429742537,3548606461
Syrian Arab Republic,SYR,"GDP, PPP (constant 2021 international $)",NY.GDP.MKTP.PP.KD,,,,,,,,,,,,,,,,,,,,,,,,,,,,,,,73316725296,78937528716,89177928602,94663169864,1.01491E+11,1.08623E+11,1.19295E+11,1.25289E+11,1.3379E+11,1.29036E+11,1.29907E+11,1.31268E+11,1.36459E+11,1.46291E+11,1.56389E+11,1.66109E+11,1.74491E+11,1.84392E+11,1.92647E+11,2.04036E+11,2.1463E+11,2.20747E+11,1.62604E+11,1.19839E+11,1.07483E+11,1.02991E+11,96393597836,95696400508,97029619867,98214065503,97529361721,99337766654,1.00066E+11,98857637916,
Turks and Caicos Islands,TCA,"GDP, PPP (constant 2021 international $)",NY.GDP.MKTP.PP.KD,,,,,,,,,,,,,,,,,,,,,,,,,,,,,,,,,,,,,,,,,,,,,,,,574756617.2,622299870.3,500638710.1,505569625.2,528929464.3,514825265.9,520338429.3,565666649.1,629670865.3,675329472.7,658512265.5,1258660845,1321363621,874516799.3,1133630689,1293326643,1470915240,1553828161
Chad,TCD,"GDP, PPP (constant 2021 international $)",NY.GDP.MKTP.PP.KD,,,,,,,,,,,,,,,,,,,,,,,,,,,,,,,10200983128,11071651030,11957542915,10079032408,11100732598,11237998631,11486861081,12136258404,12979920105,12891286693,12777884490,14267547469,15479034861,17757806830,23729645722,27842594572,27697389242,28903946267,29802385612,29403485340,33459516466,34983125796,38150036316,39221042080,40030164715,41355517704,39647564445,39002104605,41241260598,43463610455,43285890202,43413141700,49011968065,51030012222,52894879068
East Asia & Pacific (IDA & IBRD countries),TEA,"GDP, PPP (constant 2021 international $)",NY.GDP.MKTP.PP.KD,,,,,,,,,,,,,,,,,,,,,,,,,,,,,,,4.01866E+12,4.32891E+12,4.7719E+12,5.26647E+12,5.80251E+12,6.3582E+12,6.91566E+12,7.37413E+12,7.44301E+12,7.88085E+12,8.46226E+12,9.00709E+12,9.70032E+12,1.05294E+13,1.14455E+13,1.25213E+13,1.38116E+13,1.5415E+13,1.66709E+13,1.78946E+13,1.95978E+13,2.119E+13,2.27649E+13,2.43732E+13,2.6022E+13,2.77087E+13,2.94693E+13,3.13953E+13,3.34121E+13,3.53457E+13,3.56388E+13,3.81949E+13,3.96338E+13,4.1676E+13,4.3736E+13
Europe & Central Asia (IDA & IBRD countries),TEC,"GDP, PPP (constant 2021 international $)",NY.GDP.MKTP.PP.KD,,,,,,,,,,,,,,,,,,,,,,,,,,,,,,,8.32762E+12,7.81179E+12,6.97296E+12,6.52561E+12,5.85099E+12,5.74917E+12,5.72495E+12,5.85104E+12,5.77478E+12,5.93897E+12,6.39067E+12,6.61838E+12,6.94984E+12,7.40408E+12,7.99708E+12,8.51012E+12,9.19074E+12,9.91738E+12,1.03779E+13,9.79734E+12,1.02367E+13,1.07978E+13,1.11539E+13,1.14724E+13,1.16451E+13,1.16943E+13,1.18789E+13,1.2332E+13,1.27786E+13,1.31261E+13,1.28836E+13,1.37804E+13,1.3832E+13,1.43704E+13,1.491E+13
Togo,TGO,"GDP, PPP (constant 2021 international $)",NY.GDP.MKTP.PP.KD,,,,,,,,,,,,,,,,,,,,,,,,,,,,,,,8682094115,8621322278,8278134439,7028481546,8081517773,8715580106,9485707209,10849503150,10599977969,10863043075,10777933348,10866683027,11282509973,12040713985,11922875691,11366518616,11667746374,11530636308,11995971887,12650211080,13390799053,14170579058,15063707496,15941057865,16839055947,17759820796,18508378703,19250219186,20173278798,21166394368,21588061756,22881375789,24199238356,25749906712,27114653136
Thailand,THA,"GDP, PPP (constant 2021 international $)",NY.GDP.MKTP.PP.KD,,,,,,,,,,,,,,,,,,,,,,,,,,,,,,,4.7633E+11,5.17096E+11,5.58895E+11,6.05014E+11,6.53398E+11,7.06456E+11,7.46384E+11,7.25832E+11,6.70422E+11,7.01075E+11,7.3231E+11,7.57532E+11,8.04113E+11,8.61923E+11,9.16132E+11,9.54497E+11,1.00191E+12,1.05637E+12,1.0746E+12,1.06718E+12,1.14736E+12,1.157E+12,1.2408E+12,1.27414E+12,1.28669E+12,1.32701E+12,1.3726E+12,1.42994E+12,1.49033E+12,1.52184E+12,1.42977E+12,1.45196E+12,1.48943E+12,1.51948E+12,1.55786E+12
Tajikistan,TJK,"GDP, PPP (constant 2021 international $)",NY.GDP.MKTP.PP.KD,,,,,,,,,,,,,,,,,,,,,,,,,,,,,,,22529307638,20929727000,14860105949,12423048596,9776939492,8563003180,7132981783,7252863963,7638199027,7920778074,8580129343,9402177480,10417613001,11563550335,12754595897,13609153633,14561794824,15697614838,16937726138,17598297652,18742186839,20129108777,21638791827,23240062368,24797146707,26289762181,28103755772,30099122549,32386655529,34783268091,36313732275,39727222945,42905400916,46466548855,50369738871
Turkmenistan,TKM,"GDP, PPP (constant 2021 international $)",NY.GDP.MKTP.PP.KD,,,,,,,,,,,,,,,,,,,,,,,,,,,,,,,29804326740,28431759045,24176665797,24539315826,20294048428,18832868634,20094669356,17803877003,19067952332,22214164371,23429071267,24446793975,24509666221,25310845190,26576490576,30040479625,33336914076,37023743238,42466233494,45056673786,49201887769,56434565236,62698801955,69094079818,76210770019,81164470001,86196667114,91799450517,97491016395,1.03633E+11,1.09747E+11,1.16552E+11,1.23778E+11,1.31576E+11,1.34555E+11
Latin America & the Caribbean (IDA & IBRD countries),TLA,"GDP, PPP (constant 2021 international $)",NY.GDP.MKTP.PP.KD,,,,,,,,,,,,,,,,,,,,,,,,,,,,,,,5.29017E+12,5.46411E+12,5.62019E+12,5.88495E+12,6.19735E+12,6.24588E+12,6.48948E+12,6.84277E+12,7.04431E+12,7.07445E+12,7.32785E+12,7.34762E+12,7.38445E+12,7.57324E+12,7.97583E+12,8.29927E+12,8.73789E+12,9.20661E+12,9.55697E+12,9.3408E+12,9.95894E+12,1.04197E+13,1.07002E+13,1.10129E+13,1.1179E+13,1.12363E+13,1.12148E+13,1.14411E+13,1.16399E+13,1.17268E+13,1.09556E+13,1.17689E+13,1.2246E+13,1.25289E+13,1.28091E+13
Timor-Leste,TLS,"GDP, PPP (constant 2021 international $)",NY.GDP.MKTP.PP.KD,,,,,,,,,,,,,,,,,,,,,,,,,,,,,,,1630800788,1805529359,1994379057,2197900763,2354453681,2511760963,2712254370,2820744383,2764329603,1784307552,2820599404,3281806356,3061805485,2994988802,3006968876,3096714257,2969250628,3274055739,3647128000,4017200416,4392065946,4653768939,4879971050,5031463253,5256495369,5386858578,5548999284,5372407086,5372413251,6630203372,8749343574,9214418303,7321630759,5994600489,5863371397
"Middle East, North Africa, Afghanistan & Pakistan (IDA & IBRD)",TMN,"GDP, PPP (constant 2021 international $)",NY.GDP.MKTP.PP.KD,,,,,,,,,,,,,,,,,,,,,,,,,,,,,,,2.28562E+12,2.29075E+12,2.4111E+12,2.45362E+12,2.51024E+12,2.59182E+12,2.74897E+12,2.84438E+12,3.0055E+12,3.13505E+12,3.31849E+12,3.41519E+12,3.52832E+12,3.61776E+12,3.89557E+12,4.08424E+12,4.31192E+12,4.56682E+12,4.73628E+12,4.88591E+12,5.11624E+12,5.18514E+12,5.2928E+12,5.35003E+12,5.50041E+12,5.6275E+12,5.95439E+12,6.14639E+12,6.32091E+12,6.43671E+12,6.31984E+12,6.57912E+12,6.87639E+12,7.07191E+12,7.24387E+12
Tonga,TON,"GDP, PPP (constant 2021 international $)",NY.GDP.MKTP.PP.KD,,,,,,,,,,,,,,,,,,,,,,,,,,,,,,,447435576.1,476138360.5,477338102.5,495181278.2,519705236.2,552073311,552586287.4,549267797.7,561860182.1,574796802.7,596375234.8,605276023.4,632085051.9,632412506.3,619966960.8,615889743.8,602551644.8,587702917.7,616281978,584671777.2,589491793.3,629009539.7,634794924.3,637295524.5,649981132.2,657220258.2,700588243.5,723023319.2,727994440.8,726477057.3,739433019.3,742114235.1,724972402.2,740081956.8,
South Asia (IDA & IBRD),TSA,"GDP, PPP (constant 2021 international $)",NY.GDP.MKTP.PP.KD,,,,,,,,,,,,,,,,,,,,,,,,,,,,,,,2.25064E+12,2.28453E+12,2.40833E+12,2.524E+12,2.68446E+12,2.87748E+12,3.0813E+12,3.21043E+12,3.40266E+12,3.6823E+12,3.83256E+12,4.01019E+12,4.16118E+12,4.47127E+12,4.80877E+12,5.17744E+12,5.58506E+12,6.00591E+12,6.21449E+12,6.67561E+12,7.22172E+12,7.61386E+12,8.04259E+12,8.54495E+12,9.16395E+12,9.87053E+12,1.06585E+13,1.13817E+13,1.2113E+13,1.26147E+13,1.19947E+13,1.31034E+13,1.40444E+13,1.52445E+13,1.61925E+13
Sub-Saharan Africa (IDA & IBRD countries),TSS,"GDP, PPP (constant 2021 international $)",NY.GDP.MKTP.PP.KD,,,,,,,,,,,,,,,,,,,,,,,,,,,,,,,1.75037E+12,1.75856E+12,1.74963E+12,1.73241E+12,1.74902E+12,1.81118E+12,1.90543E+12,1.98609E+12,2.03871E+12,2.08603E+12,2.15728E+12,2.24933E+12,2.3855E+12,2.48322E+12,2.64859E+12,2.81152E+12,2.98407E+12,3.1685E+12,3.33651E+12,3.43735E+12,3.64369E+12,3.81133E+12,3.96311E+12,4.16235E+12,4.36643E+12,4.50455E+12,4.58045E+12,4.70837E+12,4.84755E+12,4.9868E+12,4.89666E+12,5.11049E+12,5.30737E+12,5.44453E+12,5.6416E+12
Trinidad and Tobago,TTO,"GDP, PPP (constant 2021 international $)",NY.GDP.MKTP.PP.KD,,,,,,,,,,,,,,,,,,,,,,,,,,,,,,,14882188254,15345382651,16894188979,16781147465,17379761303,18041915113,19329111481,20783212439,22471757834,24275075421,25950385667,27032133717,29177595692,33391129234,36045741208,38283798888,43340345481,45400836391,46940713392,44879204353,46370641162,46234147135,49336497089,50986608765,52870750137,52572127177,48679974311,46334286469,45877650454,46094107349,41990443713,41607493862,42057779455,42657991661,43362105898
Tunisia,TUN,"GDP, PPP (constant 2021 international $)",NY.GDP.MKTP.PP.KD,,,,,,,,,,,,,,,,,,,,,,,,,,,,,,,56128641746,58320209991,62872527464,64249328216,66291436139,67850391856,72699035795,76654549258,80321520824,85184695317,89196871394,92583026946,93807490387,98218693376,1.04343E+11,1.07981E+11,1.13644E+11,1.21269E+11,1.26408E+11,1.30255E+11,1.34125E+11,1.3138E+11,1.3692E+11,1.40247E+11,1.44581E+11,1.4598E+11,1.47612E+11,1.50915E+11,1.54876E+11,1.57336E+11,1.43157E+11,1.49937E+11,1.53945E+11,1.54006E+11,1.56086E+11
Turkiye,TUR,"GDP, PPP (constant 2021 international $)",NY.GDP.MKTP.PP.KD,,,,,,,,,,,,,,,,,,,,,,,,,,,,,,,6.72762E+11,6.77607E+11,7.11729E+11,7.66185E+11,7.30419E+11,7.87963E+11,8.46112E+11,9.10228E+11,9.32111E+11,9.01695E+11,9.64211E+11,9.08769E+11,9.67364E+11,1.02312E+12,1.12334E+12,1.22435E+12,1.30942E+12,1.37546E+12,1.38667E+12,1.31979E+12,1.43101E+12,1.59129E+12,1.66748E+12,1.80898E+12,1.89834E+12,2.01385E+12,2.08077E+12,2.23687E+12,2.30427E+12,2.32313E+12,2.36634E+12,2.63703E+12,2.78295E+12,2.92519E+12,3.01833E+12
Tuvalu,TUV,"GDP, PPP (constant 2021 international $)",NY.GDP.MKTP.PP.KD,,,,,,,,,,,,,,,,,,,,,,,,,,,,,,,26255744.28,27203362.23,27962006.57,29111475.38,32105118.09,30498432.86,28680308.28,31549286.36,36439793.65,35869922.35,35521808.63,35521808.63,38904838.02,37213323.32,36367565.97,34676051.28,35521808.63,38059080.67,40596352.71,38059080.67,37213323.32,39750595.37,38904838.02,40596352.71,40596352.71,44825139.46,47362411.5,48522029.4,49195167.67,55994972.18,53601225.16,54568264.11,54937860.07,57054510.99,
Tanzania,TZA,"GDP, PPP (constant 2021 international $)",NY.GDP.MKTP.PP.KD,,,,,,,,,,,,,,,,,,,,,,,,,,,,,,,45548129428,46491881301,46763543653,47327418841,48069352690,49785386217,52047816781,53882647114,55880891332,58598861751,61247990090,64966238148,69574420094,74216974922,79786079166,85751141169,91352595553,97535828142,1.03082E+11,1.08514E+11,1.1539E+11,1.24242E+11,1.29834E+11,1.38638E+11,1.47972E+11,1.57088E+11,1.67876E+11,1.79228E+11,1.89028E+11,1.99992E+11,2.03976E+11,2.1279E+11,2.22506E+11,2.33786E+11,2.46706E+11
Uganda,UGA,"GDP, PPP (constant 2021 international $)",NY.GDP.MKTP.PP.KD,,,,,,,,,,,,,,,,,,,,,,,,,,,,,,,18976161859,20030116010,20714816862,22439593109,23876542913,26627895167,29043608326,30524832892,32022156984,34601204977,35688342776,37538305526,40816407789,43458559446,46416884995,49356264462,54679211423,59279059602,64441525833,68824527392,72704586957,79532751292,82584785315,85547023791,89915317734,94579998410,99101868411,1.02205E+11,1.08648E+11,1.15644E+11,1.19057E+11,1.23267E+11,1.28923E+11,1.35803E+11,1.44137E+11
Ukraine,UKR,"GDP, PPP (constant 2021 international $)",NY.GDP.MKTP.PP.KD,,,,,,,,,,,,,,,,,,,,,,,,,,,,,,,1.18766E+12,1.08433E+12,9.76981E+11,8.3825E+11,6.46291E+11,5.67443E+11,5.10699E+11,4.95378E+11,4.85966E+11,4.84994E+11,5.13608E+11,5.58806E+11,5.88644E+11,6.44663E+11,7.20703E+11,7.42838E+11,7.99081E+11,8.64732E+11,8.84133E+11,7.50306E+11,7.81009E+11,8.23537E+11,8.24791E+11,8.25166E+11,7.41998E+11,6.69483E+11,6.85825E+11,7.0201E+11,7.26499E+11,7.49743E+11,7.21607E+11,7.46471E+11,5.31796E+11,5.6123E+11,5.77583E+11
Upper middle income,UMC,"GDP, PPP (constant 2021 international $)",NY.GDP.MKTP.PP.KD,,,,,,,,,,,,,,,,,,,,,,,,,,,,,,,1.2427E+13,1.2664E+13,1.30774E+13,1.36594E+13,1.41739E+13,1.4709E+13,1.55418E+13,1.64053E+13,1.67472E+13,1.72317E+13,1.82453E+13,1.88486E+13,1.97335E+13,2.08444E+13,2.24737E+13,2.40633E+13,2.60216E+13,2.83333E+13,2.99896E+13,3.07666E+13,3.32705E+13,3.54739E+13,3.73907E+13,3.93866E+13,4.11767E+13,4.28419E+13,4.4717E+13,4.69792E+13,4.91724E+13,5.11057E+13,5.06654E+13,5.4394E+13,5.61549E+13,5.86679E+13,6.10368E+13
Uruguay,URY,"GDP, PPP (constant 2021 international $)",NY.GDP.MKTP.PP.KD,,,,,,,,,,,,,,,,,,,,,,,,,,,,,,,43650530879,45195239578,48779939964,50076289359,53722515571,52944828990,55898069189,60676059059,63417943483,62453390859,61248083736,58893627799,54339968248,54777559273,57518716177,61809688404,64343006296,68552011031,73471402513,76589157213,82565722898,86827875347,89900000756,94069148019,97115851334,97475899863,99123045893,1.00848E+11,1.01014E+11,1.01952E+11,94451153282,99971136650,1.04456E+11,1.05231E+11,1.08502E+11
United States,USA,"GDP, PPP (constant 2021 international $)",NY.GDP.MKTP.PP.KD,,,,,,,,,,,,,,,,,,,,,,,,,,,,,,,1.10779E+13,1.10659E+13,1.14557E+13,1.17709E+13,1.22452E+13,1.25739E+13,1.30483E+13,1.36286E+13,1.42395E+13,1.49214E+13,1.55298E+13,1.56782E+13,1.59448E+13,1.63906E+13,1.70213E+13,1.76142E+13,1.81047E+13,1.84675E+13,1.84884E+13,1.80121E+13,1.84975E+13,1.87869E+13,1.9217E+13,1.9624E+13,2.01192E+13,2.07119E+13,2.10887E+13,2.1607E+13,2.22479E+13,2.28228E+13,2.23291E+13,2.36812E+13,2.42761E+13,2.49771E+13,2.56755E+13
Uzbekistan,UZB,"GDP, PPP (constant 2021 international $)",NY.GDP.MKTP.PP.KD,,,,,,,,,,,,,,,,,,,,,,,,,,,,,,,86251276067,85826919784,76214304770,74461375757,70589384223,69954079761,71143299119,74842750671,78060988951,81417611477,84539976877,88060084771,91559141842,95434499149,1.02543E+11,1.0967E+11,1.17842E+11,1.29005E+11,1.40653E+11,1.51977E+11,1.63523E+11,1.75829E+11,1.88317E+11,2.02058E+11,2.15947E+11,2.31535E+11,2.4527E+11,2.56051E+11,2.70285E+11,2.8861E+11,2.93122E+11,3.16674E+11,3.35678E+11,3.56797E+11,3.79989E+11
St. Vincent and the Grenadines,VCT,"GDP, PPP (constant 2021 international $)",NY.GDP.MKTP.PP.KD,,,,,,,,,,,,,,,,,,,,,,,,,,,,,,,834942552.4,844423953,898280811.3,936464310.2,924780762.7,996605250.1,1009440649,1044823066,1087558367,1117034577,1135343131,1155191551,1216903352,1298330452,1351752840,1385391984,1482326840,1531584095,1537781509,1516587903,1448789327,1440005656,1456840937,1492715415,1511378154,1553442245,1617846899,1641286760,1693407651,1704726870,1631953369,1666116701,1717946810,1809450922,1882947831
"Venezuela, RB",VEN,"GDP, PPP (constant 2021 international $)",NY.GDP.MKTP.PP.KD,,,,,,,,,,,,,,,,,,,,,,,,,,,,,,,,,,,,,,,,,,,,,,,,,,,,,,,,,,,,,,,,,
British Virgin Islands,VGB,"GDP, PPP (constant 2021 international $)",NY.GDP.MKTP.PP.KD,,,,,,,,,,,,,,,,,,,,,,,,,,,,,,,,,,,,,,,,,,,,,,,,,,,,,,,,,,,,,,,,,
Virgin Islands (U.S.),VIR,"GDP, PPP (constant 2021 international $)",NY.GDP.MKTP.PP.KD,,,,,,,,,,,,,,,,,,,,,,,,,,,,,,,,,,,,,,,,,,,5891955134,5868618226,6061454781,6272715211,6492573450,6752964212,6835257519,6384486718,6422562726,5895639909,5022348247,4706685861,4623164295,4603512162,4677207661,4642816428,4730022769,4867587700,4788979168,4964620107,4899522416,,
Viet Nam,VNM,"GDP, PPP (constant 2021 international $)",NY.GDP.MKTP.PP.KD,,,,,,,,,,,,,,,,,,,,,,,,,,,,,,,1.61663E+11,1.71299E+11,1.8611E+11,2.01134E+11,2.18912E+11,2.39798E+11,2.62195E+11,2.83569E+11,2.99915E+11,3.14232E+11,3.3556E+11,3.56341E+11,3.78865E+11,4.05003E+11,4.35525E+11,4.68396E+11,5.0108E+11,5.36804E+11,5.67197E+11,5.97814E+11,6.36213E+11,6.77014E+11,7.14281E+11,7.53949E+11,8.02369E+11,8.58432E+11,9.15861E+11,9.79423E+11,1.05254E+12,1.13E+12,1.16238E+12,1.19206E+12,1.29383E+12,1.35936E+12,1.45576E+12
Vanuatu,VUT,"GDP, PPP (constant 2021 international $)",NY.GDP.MKTP.PP.KD,,,,,,,,,,,,,,,,,,,,,,,,,,,,,,,459244127.4,473699472.3,485946563.5,489520447.7,533976081.2,539336907.6,551889086.5,578969250.1,585782875,587758680.9,622582260.5,601429514.6,570165291.4,594615889.8,618325561,651129750.6,706219869,726529991.7,767222877.1,790525764.8,800477434.3,825610848,833949911.3,837814355.3,859388412.7,893471065,924488312.6,965282893.9,993278320.6,1025472335,974275716.5,959152084.3,1008895904,999162154.4,1038801498
World,WLD,"GDP, PPP (constant 2021 international $)",NY.GDP.MKTP.PP.KD,,,,,,,,,,,,,,,,,,,,,,,,,,,,,,,5.94507E+13,5.99567E+13,6.0735E+13,6.16597E+13,6.33018E+13,6.52574E+13,6.76713E+13,7.03454E+13,7.21113E+13,7.47214E+13,7.83053E+13,8.01975E+13,8.24118E+13,8.54487E+13,8.9852E+13,9.39776E+13,9.88677E+13,1.04018E+14,1.06936E+14,1.06213E+14,1.11634E+14,1.16041E+14,1.19666E+14,1.23565E+14,1.27815E+14,1.32068E+14,1.36355E+14,1.41551E+14,1.46737E+14,1.5109E+14,1.46875E+14,1.56453E+14,1.62058E+14,1.67633E+14,1.73163E+14
Samoa,WSM,"GDP, PPP (constant 2021 international $)",NY.GDP.MKTP.PP.KD,,,,,,,,,,,,,,,,,,,,,,,,,,,,,,,674634233.4,659117562.5,657799412.1,684769128.9,667361609.5,711898941.9,763005944.9,767915315.9,784770210.3,801920848.2,842763035.4,905044311.4,956197046.6,1006040050,1037099125,1105954247,1129534598,1135023939,1175386579,1169019773,1240618960,1288371350,1240287654,1241618399,1249812134,1297934423,1401559728,1421269616,1412604887,1475492063,1429627219,1328426325,1257936160,1373775088,1503216991
Kosovo,XKX,"GDP, PPP (constant 2021 international $)",NY.GDP.MKTP.PP.KD,,,,,,,,,,,,,,,,,,,,,,,,,,,,,,,,,,,,,,,,,,,,,,,,,12783215864,13426832137,14090111060,14980579340,15237076214,16050857846,16588369742,17569776062,18548724461,19443822031,20106201547,21062613457,19937811875,22080260570,23024964288,23961533956,25018893739
"Yemen, Rep.",YEM,"GDP, PPP (constant 2021 international $)",NY.GDP.MKTP.PP.KD,,,,,,,,,,,,,,,,,,,,,,,,,,,,,,,,,,,,,,,,,,,,,,,,,,,,,,,,,,,,,,,,,
South Africa,ZAF,"GDP, PPP (constant 2021 international $)",NY.GDP.MKTP.PP.KD,,,,,,,,,,,,,,,,,,,,,,,,,,,,,,,4.41053E+11,4.36562E+11,4.27233E+11,4.32503E+11,4.46343E+11,4.6018E+11,4.79967E+11,4.92447E+11,4.94909E+11,5.06787E+11,5.28072E+11,5.4233E+11,5.62398E+11,5.78983E+11,6.05353E+11,6.37298E+11,6.73011E+11,7.09088E+11,7.31715E+11,7.20461E+11,7.42361E+11,7.65883E+11,7.84235E+11,8.03727E+11,8.15091E+11,8.25865E+11,8.31353E+11,8.4098E+11,8.54072E+11,8.56292E+11,8.03468E+11,8.4328E+11,8.59399E+11,8.65402E+11,8.7042E+11
Zambia,ZMB,"GDP, PPP (constant 2021 international $)",NY.GDP.MKTP.PP.KD,,,,,,,,,,,,,,,,,,,,,,,,,,,,,,,18882326323,18875503499,18548783224,19809594852,18100929747,18625434758,19783666077,20538216585,20458991206,21410373117,22244804501,23427531454,24483179367,26183529804,28024859075,30052625500,32427893192,35136412296,37867880381,41359430886,45618717444,48159338866,51818187350,54438911322,56993883582,58658318774,60860997488,63006872741,65548881176,66493641150,64641756629,68672119765,72250777479,76129157927,79207172681
Zimbabwe,ZWE,"GDP, PPP (constant 2021 international $)",NY.GDP.MKTP.PP.KD,,,,,,,,,,,,,,,,,,,,,,,,,,,,,,,40683908251,42934453516,39063667773,39474406086,43119945973,43188086564,47662673252,48940316097,50352347870,49940555778,48412779415,49109737241,44741905606,37137985314,34981182696,32983378070,31841660026,30678380115,25257833598,28610073121,34239221638,39099107904,45615141964,46522648617,47628485324,48476202606,48842582864,51154991589,53717816451,50316162717,46382982069,50310711159,53399374351,56249176341,57390744456
